scope,period,period_start,period_end,eligible_trip_count,total_route_distance_m,controlled_access_share,arterial_share,local_access_share,major_corridor_roads,motorway_share,trunk_share,primary_share,secondary_share,tertiary_share,residential_share,service_share,unclassified_share,other_share,origin_cluster_id,origin_label,destination_cluster_id,destination_label,pair_total_eligible_trips,pair_observed_months
all_eligible_direct_trips,early,2021-09,2022-07,790,4653751.999957763,0.11065168421736397,0.6912985056181329,0.19059650308378723,"[{'road_class': 'residential', 'road_name': 'Wynmoor Circle'}, {'road_class': 'primary', 'road_name': 'Lyons Road'}, {'road_class': 'secondary', 'road_name': 'Coconut Creek Parkway'}, {'road_class': 'primary', 'road_name': 'West Atlantic Boulevard'}, {'road_class': 'secondary', 'road_name': 'Dr. Martin Luther King Boulevard'}]",0.08850576467946107,0.022145919537902903,0.27442633583493387,0.35876916242169365,0.05810300736150537,0.14136130068761696,0.04923520239617027,0.0074533070807156964,0.0,,,,,,
all_eligible_direct_trips,middle,2022-08,2023-08,869,4763288.550596155,0.11796972827106685,0.66360837554136,0.2114269245176722,"[{'road_class': 'primary', 'road_name': 'Lyons Road'}, {'road_class': 'residential', 'road_name': 'Wynmoor Circle'}, {'road_class': 'secondary', 'road_name': 'Coconut Creek Parkway'}, {'road_class': 'primary', 'road_name': 'West Atlantic Boulevard'}, {'road_class': 'secondary', 'road_name': 'West Copans Road'}]",0.09855146801852696,0.019418260252539902,0.295092812500595,0.32110738061034816,0.04740818243041689,0.15937016523487038,0.052056759282801804,0.006994971669900741,0.0,,,,,,
all_eligible_direct_trips,late,2023-09,2024-06,670,3977763.335566262,0.18025923499680016,0.6228401022520994,0.191229290391228,"[{'road_class': 'primary', 'road_name': 'Lyons Road'}, {'road_class': 'residential', 'road_name': 'Wynmoor Circle'}, {'road_class': 'primary', 'road_name': 'West Atlantic Boulevard'}, {'road_class': 'secondary', 'road_name': 'Coconut Creek Parkway'}, {'road_class': 'trunk', 'road_name': '86060000.0'}]",0.12070703810787262,0.059552196888927544,0.31424989249126056,0.2767891200450382,0.03180108971580063,0.14687775127966393,0.044351539111564066,0.00567137235987234,0.0,,,,,,
major_direct_od_pair,early,2021-09,2022-07,33,49103.949153844645,0.0,0.0,1.0,"[{'road_class': 'residential', 'road_name': 'Wynmoor Circle'}, {'road_class': 'residential', 'road_name': 'Portofino Isle'}]",0.0,0.0,0.0,0.0,0.0,0.9163059395376608,0.08369406046233925,0.0,0.0,C003,Wynmoor community destination near Cafe on the Green,C001,"Wynmoor area, Coconut Creek",131.0,31.0
major_direct_od_pair,middle,2022-08,2023-08,49,74934.60925388777,0.0,0.0,1.0,"[{'road_class': 'residential', 'road_name': 'Wynmoor Circle'}, {'road_class': 'residential', 'road_name': 'Portofino Isle'}]",0.0,0.0,0.0,0.0,0.0,0.9238808538824131,0.07611914611758698,0.0,0.0,C003,Wynmoor community destination near Cafe on the Green,C001,"Wynmoor area, Coconut Creek",131.0,31.0
major_direct_od_pair,late,2023-09,2024-06,49,73606.81993693394,0.0,0.0,1.0,"[{'road_class': 'residential', 'road_name': 'Wynmoor Circle'}, {'road_class': 'residential', 'road_name': 'Portofino Isle'}, {'road_class': 'residential', 'road_name': 'Victoria Way'}]",0.0,0.0,0.0,0.0,0.0,0.9266238675387242,0.07337613246127579,0.0,0.0,C003,Wynmoor community destination near Cafe on the Green,C001,"Wynmoor area, Coconut Creek",131.0,31.0
major_direct_od_pair,early,2021-09,2022-07,26,39284.85524524062,0.0,0.0,1.0,"[{'road_class': 'residential', 'road_name': 'Wynmoor Circle'}, {'road_class': 'residential', 'road_name': 'Portofino Isle'}, {'road_class': 'residential', 'road_name': 'Antigua Circle'}]",0.0,0.0,0.0,0.0,0.0,0.8831322771241921,0.11686772287580789,0.0,0.0,C001,"Wynmoor area, Coconut Creek",C003,Wynmoor community destination near Cafe on the Green,129.0,31.0
major_direct_od_pair,middle,2022-08,2023-08,50,77436.39387437183,0.0,0.0,1.0,"[{'road_class': 'residential', 'road_name': 'Wynmoor Circle'}, {'road_class': 'residential', 'road_name': 'Portofino Isle'}, {'road_class': 'residential', 'road_name': 'Antigua Circle'}]",0.0,0.0,0.0,0.0,0.0,0.9157703909117657,0.08422960908823425,0.0,0.0,C001,"Wynmoor area, Coconut Creek",C003,Wynmoor community destination near Cafe on the Green,129.0,31.0
major_direct_od_pair,late,2023-09,2024-06,53,83906.94028998118,0.0,0.0,1.0,"[{'road_class': 'residential', 'road_name': 'Wynmoor Circle'}, {'road_class': 'residential', 'road_name': 'Portofino Isle'}, {'road_class': 'residential', 'road_name': 'Antigua Circle'}]",0.0,0.0,0.0,0.0,0.0,0.9106865395026704,0.08931346049732962,0.0,0.0,C001,"Wynmoor area, Coconut Creek",C003,Wynmoor community destination near Cafe on the Green,129.0,31.0
major_direct_od_pair,early,2021-09,2022-07,39,60298.32839425426,0.0,0.35610158220800275,0.6438984177919972,"[{'road_class': 'primary', 'road_name': 'Lyons Road'}, {'road_class': 'residential', 'road_name': 'Wynmoor Circle'}, {'road_class': 'residential', 'road_name': 'Portofino Isle'}, {'road_class': 'residential', 'road_name': 'Westgate Drive'}, {'road_class': 'residential', 'road_name': 'Antigua Circle'}]",0.0,0.0,0.35610158220800275,0.0,0.0,0.4175439733000632,0.22635444449193398,0.0,0.0,C001,"Wynmoor area, Coconut Creek",C002,Coconut Creek Plaza short-stop area,124.0,30.0
major_direct_od_pair,middle,2022-08,2023-08,46,76208.44684204676,0.0,0.3386714813154933,0.6613285186845068,"[{'road_class': 'primary', 'road_name': 'Lyons Road'}, {'road_class': 'residential', 'road_name': 'Wynmoor Circle'}, {'road_class': 'residential', 'road_name': 'Westgate Drive'}, {'road_class': 'residential', 'road_name': 'Portofino Isle'}, {'road_class': 'secondary', 'road_name': 'Coconut Creek Parkway'}]",0.0,0.0,0.33561024806122924,0.0030612332542640426,0.0,0.4407169167689767,0.22061160191553011,0.0,0.0,C001,"Wynmoor area, Coconut Creek",C002,Coconut Creek Plaza short-stop area,124.0,30.0
major_direct_od_pair,late,2023-09,2024-06,39,63963.858460480136,0.0,0.34576326282655107,0.654236737173449,"[{'road_class': 'primary', 'road_name': 'Lyons Road'}, {'road_class': 'residential', 'road_name': 'Wynmoor Circle'}, {'road_class': 'residential', 'road_name': 'Westgate Drive'}, {'road_class': 'residential', 'road_name': 'Portofino Isle'}, {'road_class': 'secondary', 'road_name': 'Coconut Creek Parkway'}]",0.0,0.0,0.3343745277735699,0.011388735052981172,0.0,0.45192123582072474,0.20231550135272428,0.0,0.0,C001,"Wynmoor area, Coconut Creek",C002,Coconut Creek Plaza short-stop area,124.0,30.0
major_direct_od_pair,early,2021-09,2022-07,32,50427.08273765626,0.0,0.3695483086437699,0.6304516913562301,"[{'road_class': 'primary', 'road_name': 'Lyons Road'}, {'road_class': 'residential', 'road_name': 'Wynmoor Circle'}, {'road_class': 'residential', 'road_name': 'Westgate Drive'}, {'road_class': 'residential', 'road_name': 'Portofino Isle'}, {'road_class': 'secondary', 'road_name': 'Coconut Creek Parkway'}]",0.0,0.0,0.3263340426333936,0.043214266010376284,0.0,0.4024596914936745,0.22799199986255558,0.0,0.0,C002,Coconut Creek Plaza short-stop area,C001,"Wynmoor area, Coconut Creek",120.0,29.0
major_direct_od_pair,middle,2022-08,2023-08,51,81993.43571022496,0.0,0.32544520739164895,0.6745547926083512,"[{'road_class': 'primary', 'road_name': 'Lyons Road'}, {'road_class': 'residential', 'road_name': 'Wynmoor Circle'}, {'road_class': 'residential', 'road_name': 'Westgate Drive'}, {'road_class': 'residential', 'road_name': 'Portofino Isle'}, {'road_class': 'secondary', 'road_name': 'Coconut Creek Parkway'}]",0.0,0.0,0.3060202866826929,0.01942492070895605,0.0,0.43654384247613615,0.23801095013221493,0.0,0.0,C002,Coconut Creek Plaza short-stop area,C001,"Wynmoor area, Coconut Creek",120.0,29.0
major_direct_od_pair,late,2023-09,2024-06,37,56568.86772845622,0.0,0.3185303329930089,0.6814696670069911,"[{'road_class': 'primary', 'road_name': 'Lyons Road'}, {'road_class': 'residential', 'road_name': 'Wynmoor Circle'}, {'road_class': 'residential', 'road_name': 'Westgate Drive'}, {'road_class': 'residential', 'road_name': 'Portofino Isle'}, {'road_class': 'secondary', 'road_name': 'Coconut Creek Parkway'}]",0.0,0.0,0.30746704851624546,0.011063284476763479,0.0,0.4373315328200936,0.24413813418689748,0.0,0.0,C002,Coconut Creek Plaza short-stop area,C001,"Wynmoor area, Coconut Creek",120.0,29.0
major_direct_od_pair,early,2021-09,2022-07,40,302902.9998117446,0.0,0.7625464522826872,0.23745354771731264,"[{'road_class': 'secondary', 'road_name': 'North Powerline Road'}, {'road_class': 'secondary', 'road_name': 'South Pompano Parkway'}, {'road_class': 'secondary', 'road_name': 'Dr. Martin Luther King Boulevard'}, {'road_class': 'residential', 'road_name': 'Wynmoor Circle'}, {'road_class': 'secondary', 'road_name': 'Coconut Creek Parkway'}]",0.0,0.0,0.0,0.7595278165295781,0.003018635753109053,0.20614277539706036,0.0313107723202523,0.0,0.0,C001,"Wynmoor area, Coconut Creek",C005,Multi-tenant commercial area near North Powerline Road / South Powerline Road / South Pompano Parkway,86.0,29.0
major_direct_od_pair,middle,2022-08,2023-08,26,202337.57324121488,0.0,0.7480969310365161,0.25190306896348397,"[{'road_class': 'secondary', 'road_name': 'North Powerline Road'}, {'road_class': 'secondary', 'road_name': 'South Pompano Parkway'}, {'road_class': 'secondary', 'road_name': 'Dr. Martin Luther King Boulevard'}, {'road_class': 'residential', 'road_name': 'Wynmoor Circle'}, {'road_class': 'secondary', 'road_name': 'Coconut Creek Parkway'}]",0.0,0.0,0.003476968846195312,0.7446199621903207,0.0,0.22449406789253887,0.02740900107094513,0.0,0.0,C001,"Wynmoor area, Coconut Creek",C005,Multi-tenant commercial area near North Powerline Road / South Powerline Road / South Pompano Parkway,86.0,29.0
major_direct_od_pair,late,2023-09,2024-06,20,153045.75457504787,0.0,0.7498868728880789,0.25011312711192124,"[{'road_class': 'secondary', 'road_name': 'North Powerline Road'}, {'road_class': 'secondary', 'road_name': 'South Pompano Parkway'}, {'road_class': 'secondary', 'road_name': 'Dr. Martin Luther King Boulevard'}, {'road_class': 'residential', 'road_name': 'Wynmoor Circle'}, {'road_class': 'secondary', 'road_name': 'Coconut Creek Parkway'}]",0.0,0.0,0.0,0.7498868728880789,0.0,0.22588833058419017,0.024224796527731084,0.0,0.0,C001,"Wynmoor area, Coconut Creek",C005,Multi-tenant commercial area near North Powerline Road / South Powerline Road / South Pompano Parkway,86.0,29.0
major_direct_od_pair,early,2021-09,2022-07,32,88508.61532092222,0.0,0.6591550327204196,0.3408449672795805,"[{'road_class': 'secondary', 'road_name': 'Coconut Creek Parkway'}, {'road_class': 'primary', 'road_name': 'Lyons Road'}, {'road_class': 'residential', 'road_name': 'Wynmoor Circle'}, {'road_class': 'residential', 'road_name': 'Westgate Drive'}, {'road_class': 'residential', 'road_name': 'Portofino Isle'}]",0.0,0.0,0.24272044441671728,0.4164345883037023,0.0,0.25214798546936446,0.08869698181021612,0.0,0.0,C001,"Wynmoor area, Coconut Creek",C004,Multi-tenant commercial area near Coconut Creek Parkway,77.0,25.0
major_direct_od_pair,middle,2022-08,2023-08,33,92192.48581094823,0.0,0.663703789100082,0.33629621089991796,"[{'road_class': 'secondary', 'road_name': 'Coconut Creek Parkway'}, {'road_class': 'primary', 'road_name': 'Lyons Road'}, {'road_class': 'residential', 'road_name': 'Wynmoor Circle'}, {'road_class': 'residential', 'road_name': 'Westgate Drive'}, {'road_class': 'residential', 'road_name': 'Portofino Isle'}]",0.0,0.0,0.23667565671177065,0.4270281323883113,0.0,0.25061632492627733,0.08567988597364065,0.0,0.0,C001,"Wynmoor area, Coconut Creek",C004,Multi-tenant commercial area near Coconut Creek Parkway,77.0,25.0
major_direct_od_pair,late,2023-09,2024-06,12,32847.17987815518,0.0,0.6757839177279938,0.3242160822720062,"[{'road_class': 'secondary', 'road_name': 'Coconut Creek Parkway'}, {'road_class': 'primary', 'road_name': 'Lyons Road'}, {'road_class': 'residential', 'road_name': 'Wynmoor Circle'}, {'road_class': 'residential', 'road_name': 'Westgate Drive'}, {'road_class': 'residential', 'road_name': 'Portofino Isle'}]",0.0,0.0,0.24961027596234817,0.42617364176564565,0.0,0.24755637828139157,0.07665970399061464,0.0,0.0,C001,"Wynmoor area, Coconut Creek",C004,Multi-tenant commercial area near Coconut Creek Parkway,77.0,25.0
major_direct_od_pair,early,2021-09,2022-07,23,66673.45533154978,0.0,0.6579042212663938,0.34209577873360614,"[{'road_class': 'secondary', 'road_name': 'Coconut Creek Parkway'}, {'road_class': 'primary', 'road_name': 'Lyons Road'}, {'road_class': 'residential', 'road_name': 'Wynmoor Circle'}, {'road_class': 'residential', 'road_name': 'Westgate Drive'}, {'road_class': 'residential', 'road_name': 'Portofino Isle'}]",0.0,0.0,0.2390475729542759,0.4188566483121179,0.0,0.2452816724906257,0.09681410624298038,0.0,0.0,C004,Multi-tenant commercial area near Coconut Creek Parkway,C001,"Wynmoor area, Coconut Creek",73.0,28.0
major_direct_od_pair,middle,2022-08,2023-08,30,85054.9740136912,0.0,0.6674984546065656,0.33250154539343435,"[{'road_class': 'secondary', 'road_name': 'Coconut Creek Parkway'}, {'road_class': 'primary', 'road_name': 'Lyons Road'}, {'road_class': 'residential', 'road_name': 'Wynmoor Circle'}, {'road_class': 'residential', 'road_name': 'Westgate Drive'}, {'road_class': 'residential', 'road_name': 'Portofino Isle'}]",0.0,0.0,0.24184986415662674,0.4256485904499389,0.0,0.25631431032926294,0.07618723506417138,0.0,0.0,C004,Multi-tenant commercial area near Coconut Creek Parkway,C001,"Wynmoor area, Coconut Creek",73.0,28.0
major_direct_od_pair,late,2023-09,2024-06,20,57929.63544630026,0.0,0.6816968962640427,0.3183031037359573,"[{'road_class': 'secondary', 'road_name': 'Coconut Creek Parkway'}, {'road_class': 'primary', 'road_name': 'Lyons Road'}, {'road_class': 'residential', 'road_name': 'Wynmoor Circle'}, {'road_class': 'residential', 'road_name': 'Westgate Drive'}, {'road_class': 'residential', 'road_name': 'Portofino Isle'}]",0.0,0.0,0.2352055202465384,0.44649137601750427,0.0,0.24210424061874286,0.0761988631172145,0.0,0.0,C004,Multi-tenant commercial area near Coconut Creek Parkway,C001,"Wynmoor area, Coconut Creek",73.0,28.0
major_direct_od_pair,early,2021-09,2022-07,22,125783.54129986113,0.0,0.8179232469463502,0.18207675305364976,"[{'road_class': 'secondary', 'road_name': 'West Copans Road'}, {'road_class': 'primary', 'road_name': 'Lyons Road'}, {'road_class': 'primary', 'road_name': 'State Road 7'}, {'road_class': 'residential', 'road_name': 'Wynmoor Circle'}, {'road_class': 'tertiary', 'road_name': 'Northwest 54th Avenue'}]",0.0,0.0,0.4748393292888084,0.24441723696093995,0.09866668069660181,0.12485843661080313,0.05721831644284663,0.0,0.0,C007,Winn-Dixie,C001,"Wynmoor area, Coconut Creek",60.0,26.0
major_direct_od_pair,middle,2022-08,2023-08,23,133791.70730259732,0.0,0.8158145927363705,0.18418540726362953,"[{'road_class': 'secondary', 'road_name': 'West Copans Road'}, {'road_class': 'primary', 'road_name': 'State Road 7'}, {'road_class': 'primary', 'road_name': 'Lyons Road'}, {'road_class': 'residential', 'road_name': 'Wynmoor Circle'}, {'road_class': 'tertiary', 'road_name': 'Northwest 54th Avenue'}]",0.0,0.0,0.4343220997397915,0.26487726453050886,0.11661522846607007,0.1243071897926261,0.05987821747100342,0.0,0.0,C007,Winn-Dixie,C001,"Wynmoor area, Coconut Creek",60.0,26.0
major_direct_od_pair,late,2023-09,2024-06,15,86750.42181678739,0.0,0.8172321800193808,0.18276781998061906,"[{'road_class': 'primary', 'road_name': 'Lyons Road'}, {'road_class': 'secondary', 'road_name': 'West Copans Road'}, {'road_class': 'primary', 'road_name': 'State Road 7'}, {'road_class': 'tertiary', 'road_name': 'Northwest 54th Avenue'}, {'road_class': 'residential', 'road_name': 'Wynmoor Circle'}]",0.0,0.0,0.4797599374385561,0.23312315145789972,0.10434909112292501,0.12117871973556835,0.06158910024505074,0.0,0.0,C007,Winn-Dixie,C001,"Wynmoor area, Coconut Creek",60.0,26.0
major_direct_od_pair,early,2021-09,2022-07,35,231743.50067419893,0.0,0.6712428156266691,0.28121426725334253,"[{'road_class': 'residential', 'road_name': 'Wynmoor Circle'}, {'road_class': 'secondary', 'road_name': 'Dr. Martin Luther King Boulevard'}, {'road_class': 'secondary', 'road_name': 'North Powerline Road'}, {'road_class': 'secondary', 'road_name': 'South Pompano Parkway'}, {'road_class': 'primary', 'road_name': 'Northwest 31st Avenue'}]",0.0,0.0,0.1474417151753858,0.5227831477950783,0.00101795265620502,0.25375797868742245,0.027456288565920098,0.0475429171199883,0.0,C006,The Pomp area,C001,"Wynmoor area, Coconut Creek",57.0,16.0
major_direct_od_pair,middle,2022-08,2023-08,22,147333.9886583927,0.0,0.6746451599168964,0.2778343768445871,"[{'road_class': 'residential', 'road_name': 'Wynmoor Circle'}, {'road_class': 'secondary', 'road_name': 'Dr. Martin Luther King Boulevard'}, {'road_class': 'primary', 'road_name': 'Northwest 31st Avenue'}, {'road_class': 'secondary', 'road_name': 'North Powerline Road'}, {'road_class': 'secondary', 'road_name': 'South Pompano Parkway'}]",0.0,0.0,0.1691394184628356,0.4928965966206644,0.012609144833396545,0.25426797415816405,0.023566402686423057,0.04752046323851623,0.0,C006,The Pomp area,C001,"Wynmoor area, Coconut Creek",57.0,16.0
major_direct_od_pair,late,2023-09,2024-06,0,0.0,,,,[],,,,,,,,,,C006,The Pomp area,C001,"Wynmoor area, Coconut Creek",57.0,16.0
major_direct_od_pair,early,2021-09,2022-07,21,147043.76576761866,0.0,0.6805001373519788,0.27009564122767327,"[{'road_class': 'secondary', 'road_name': 'North Powerline Road'}, {'road_class': 'secondary', 'road_name': 'Dr. Martin Luther King Boulevard'}, {'road_class': 'residential', 'road_name': 'Wynmoor Circle'}, {'road_class': 'secondary', 'road_name': 'South Pompano Parkway'}, {'road_class': 'secondary', 'road_name': 'Coconut Creek Parkway'}]",0.0,0.0,0.029538045787150705,0.6509620915648281,0.0,0.22819957711060188,0.04189606411707138,0.0494042214203478,0.0,C001,"Wynmoor area, Coconut Creek",C006,The Pomp area,30.0,14.0
major_direct_od_pair,middle,2022-08,2023-08,9,65527.92456808906,0.0,0.6947222665694687,0.2586273265421463,"[{'road_class': 'secondary', 'road_name': 'North Powerline Road'}, {'road_class': 'secondary', 'road_name': 'Dr. Martin Luther King Boulevard'}, {'road_class': 'residential', 'road_name': 'Wynmoor Circle'}, {'road_class': 'secondary', 'road_name': 'South Pompano Parkway'}, {'road_class': 'secondary', 'road_name': 'Coconut Creek Parkway'}]",0.0,0.0,0.08737560293428158,0.6073466636351871,0.0,0.20761289409093148,0.051014432451214856,0.046650406888385024,0.0,C001,"Wynmoor area, Coconut Creek",C006,The Pomp area,30.0,14.0
major_direct_od_pair,late,2023-09,2024-06,0,0.0,,,,[],,,,,,,,,,C001,"Wynmoor area, Coconut Creek",C006,The Pomp area,30.0,14.0
major_direct_od_pair,early,2021-09,2022-07,10,17807.36957392413,0.0,0.0030961704469513202,0.9969038295530486,"[{'road_class': 'residential', 'road_name': 'Wynmoor Circle'}, {'road_class': 'residential', 'road_name': 'Portofino Isle'}, {'road_class': 'residential', 'road_name': 'Wynmoor Drive'}, {'road_class': 'residential', 'road_name': 'Northwest 39th Avenue'}, {'road_class': 'residential', 'road_name': 'Antigua Circle'}]",0.0,0.0,0.0,0.0030961704469513202,0.0,0.9196370876752151,0.07726674187783346,0.0,0.0,C001,"Wynmoor area, Coconut Creek",C009,Medical Suites by LOFTUS medical-office area,30.0,22.0
major_direct_od_pair,middle,2022-08,2023-08,12,22564.167802394157,0.0,0.014660762646927483,0.9853392373530725,"[{'road_class': 'residential', 'road_name': 'Wynmoor Circle'}, {'road_class': 'residential', 'road_name': 'Wynmoor Drive'}, {'road_class': 'residential', 'road_name': 'Portofino Isle'}, {'road_class': 'secondary', 'road_name': 'Coconut Creek Parkway'}, {'road_class': 'residential', 'road_name': 'Northwest 39th Avenue'}]",0.0,0.0,0.0,0.014660762646927483,0.0,0.9437060517720841,0.041633185580988344,0.0,0.0,C001,"Wynmoor area, Coconut Creek",C009,Medical Suites by LOFTUS medical-office area,30.0,22.0
major_direct_od_pair,late,2023-09,2024-06,8,13980.468750372447,0.0,0.0236621471270433,0.9763378528729566,"[{'road_class': 'residential', 'road_name': 'Wynmoor Circle'}, {'road_class': 'residential', 'road_name': 'Wynmoor Drive'}, {'road_class': 'residential', 'road_name': 'Portofino Isle'}, {'road_class': 'secondary', 'road_name': 'Coconut Creek Parkway'}, {'road_class': 'residential', 'road_name': 'Northwest 39th Avenue'}]",0.0,0.0,0.0,0.0236621471270433,0.0,0.9360948863886686,0.040242966484288135,0.0,0.0,C001,"Wynmoor area, Coconut Creek",C009,Medical Suites by LOFTUS medical-office area,30.0,22.0
major_direct_od_pair,early,2021-09,2022-07,4,13269.18067243823,0.0,0.7695342086466017,0.2304657913533984,"[{'road_class': 'secondary', 'road_name': 'West Copans Road'}, {'road_class': 'primary', 'road_name': 'Lyons Road'}, {'road_class': 'residential', 'road_name': 'Wynmoor Circle'}, {'road_class': 'residential', 'road_name': 'Westgate Drive'}, {'road_class': 'residential', 'road_name': 'Portofino Isle'}]",0.0,0.0,0.289459811881396,0.4800743967652057,0.0,0.2173359278136302,0.013129863539768177,0.0,0.0,C010,Broward County,C001,"Wynmoor area, Coconut Creek",28.0,14.0
major_direct_od_pair,middle,2022-08,2023-08,10,32854.80087672043,0.0,0.7431484248116498,0.2568515751883501,"[{'road_class': 'secondary', 'road_name': 'West Copans Road'}, {'road_class': 'primary', 'road_name': 'Lyons Road'}, {'road_class': 'residential', 'road_name': 'Wynmoor Circle'}, {'road_class': 'residential', 'road_name': 'Westgate Drive'}, {'road_class': 'residential', 'road_name': 'Portofino Isle'}]",0.0,0.0,0.29249882214756084,0.45064960266408893,0.0,0.23570833926938833,0.02114323591896182,0.0,0.0,C010,Broward County,C001,"Wynmoor area, Coconut Creek",28.0,14.0
major_direct_od_pair,late,2023-09,2024-06,14,47112.74491268078,0.0,0.7439760756323206,0.2560239243676795,"[{'road_class': 'secondary', 'road_name': 'West Copans Road'}, {'road_class': 'primary', 'road_name': 'Lyons Road'}, {'road_class': 'residential', 'road_name': 'Wynmoor Circle'}, {'road_class': 'residential', 'road_name': 'Westgate Drive'}, {'road_class': 'residential', 'road_name': 'Portofino Isle'}]",0.0,0.0,0.29659423156468,0.44738184406764053,0.0,0.2287116568385686,0.02731226752911092,0.0,0.0,C010,Broward County,C001,"Wynmoor area, Coconut Creek",28.0,14.0
major_direct_od_pair,early,2021-09,2022-07,8,14660.698743578478,0.0,0.602746927833054,0.397253072166946,"[{'road_class': 'secondary', 'road_name': 'Coconut Creek Parkway'}, {'road_class': 'residential', 'road_name': 'Wynmoor Drive'}, {'road_class': 'residential', 'road_name': 'Wynmoor Circle'}, {'road_class': 'primary', 'road_name': 'Lyons Road'}, {'road_class': 'residential', 'road_name': 'Northwest 39th Avenue'}]",0.0,0.0,0.025557751329155404,0.5771891765038987,0.0,0.17239566593409777,0.22485740623284828,0.0,0.0,C003,Wynmoor community destination near Cafe on the Green,C002,Coconut Creek Plaza short-stop area,24.0,17.0
major_direct_od_pair,middle,2022-08,2023-08,9,14986.958291123125,0.0,0.6572638873729568,0.3427361126270432,"[{'road_class': 'secondary', 'road_name': 'Coconut Creek Parkway'}, {'road_class': 'residential', 'road_name': 'Wynmoor Drive'}, {'road_class': 'residential', 'road_name': 'Wynmoor Circle'}, {'road_class': 'primary', 'road_name': 'Lyons Road'}]",0.0,0.0,0.022115933378312726,0.6351479539946442,0.0,0.17571496418968652,0.16702114843735663,0.0,0.0,C003,Wynmoor community destination near Cafe on the Green,C002,Coconut Creek Plaza short-stop area,24.0,17.0
major_direct_od_pair,late,2023-09,2024-06,7,12226.844074204126,0.0,0.6756175473819963,0.3243824526180037,"[{'road_class': 'secondary', 'road_name': 'Coconut Creek Parkway'}, {'road_class': 'residential', 'road_name': 'Wynmoor Drive'}, {'road_class': 'residential', 'road_name': 'Wynmoor Circle'}]",0.0,0.0,0.0,0.6756175473819963,0.0,0.14073460724480313,0.18364784537320053,0.0,0.0,C003,Wynmoor community destination near Cafe on the Green,C002,Coconut Creek Plaza short-stop area,24.0,17.0
major_direct_od_pair,early,2021-09,2022-07,8,10471.61954109535,0.0,0.7266990893258748,0.2733009106741253,"[{'road_class': 'secondary', 'road_name': 'Coconut Creek Parkway'}]",0.0,0.0,0.0,0.7266990893258748,0.0,0.0,0.2733009106741253,0.0,0.0,C002,Coconut Creek Plaza short-stop area,C004,Multi-tenant commercial area near Coconut Creek Parkway,23.0,16.0
major_direct_od_pair,middle,2022-08,2023-08,4,5489.686691446235,0.0,0.6645151566809359,0.3354848433190641,"[{'road_class': 'secondary', 'road_name': 'Coconut Creek Parkway'}]",0.0,0.0,0.0,0.6645151566809359,0.0,0.0,0.3354848433190641,0.0,0.0,C002,Coconut Creek Plaza short-stop area,C004,Multi-tenant commercial area near Coconut Creek Parkway,23.0,16.0
major_direct_od_pair,late,2023-09,2024-06,11,13776.86080251552,0.0,0.7628472096670583,0.2371527903329417,"[{'road_class': 'secondary', 'road_name': 'Coconut Creek Parkway'}]",0.0,0.0,0.0,0.7628472096670583,0.0,0.0,0.2371527903329417,0.0,0.0,C002,Coconut Creek Plaza short-stop area,C004,Multi-tenant commercial area near Coconut Creek Parkway,23.0,16.0
major_direct_od_pair,early,2021-09,2022-07,5,12148.176473452484,0.0,0.6063819316921856,0.39361806830781443,"[{'road_class': 'secondary', 'road_name': 'Coconut Creek Parkway'}, {'road_class': 'primary', 'road_name': 'Lyons Road'}, {'road_class': 'residential', 'road_name': 'Wynmoor Circle'}, {'road_class': 'residential', 'road_name': 'Westgate Drive'}, {'road_class': 'residential', 'road_name': 'Portofino Isle'}]",0.0,0.0,0.26580728220572336,0.3405746494864622,0.0,0.27299795326020876,0.12062011504760572,0.0,0.0,C008,Mobil,C001,"Wynmoor area, Coconut Creek",22.0,16.0
major_direct_od_pair,middle,2022-08,2023-08,12,26992.17572951884,0.0,0.6560659862820873,0.34393401371791255,"[{'road_class': 'secondary', 'road_name': 'Coconut Creek Parkway'}, {'road_class': 'primary', 'road_name': 'Lyons Road'}, {'road_class': 'residential', 'road_name': 'Wynmoor Circle'}, {'road_class': 'residential', 'road_name': 'Westgate Drive'}, {'road_class': 'residential', 'road_name': 'Portofino Isle'}]",0.0,0.0,0.30823365398421926,0.3461261269007651,0.0017062053971030142,0.3130251196340861,0.03090889408382649,0.0,0.0,C008,Mobil,C001,"Wynmoor area, Coconut Creek",22.0,16.0
major_direct_od_pair,late,2023-09,2024-06,5,12315.642477890095,0.0,0.6007320554163689,0.3992679445836311,"[{'road_class': 'secondary', 'road_name': 'Coconut Creek Parkway'}, {'road_class': 'primary', 'road_name': 'Lyons Road'}, {'road_class': 'residential', 'road_name': 'Wynmoor Circle'}, {'road_class': 'residential', 'road_name': 'Westgate Drive'}, {'road_class': 'residential', 'road_name': 'Portofino Isle'}]",0.0,0.0,0.26103178053181925,0.3397002748845496,0.0,0.29004922819629403,0.10921871638733702,0.0,0.0,C008,Mobil,C001,"Wynmoor area, Coconut Creek",22.0,16.0
major_direct_od_pair,early,2021-09,2022-07,10,7294.266388588467,0.0,0.6432244413810169,0.35677555861898325,"[{'road_class': 'secondary', 'road_name': 'Coconut Creek Parkway'}]",0.0,0.0,0.0,0.6432244413810169,0.0,0.0,0.35677555861898325,0.0,0.0,C004,Multi-tenant commercial area near Coconut Creek Parkway,C008,Mobil,19.0,14.0
major_direct_od_pair,middle,2022-08,2023-08,3,2226.644476300812,0.0,0.593387282456012,0.406612717543988,"[{'road_class': 'secondary', 'road_name': 'Coconut Creek Parkway'}, {'road_class': 'residential', 'road_name': 'Lakeside Drive'}]",0.0,0.0,0.0,0.593387282456012,0.0,0.004787877510124571,0.4018248400338634,0.0,0.0,C004,Multi-tenant commercial area near Coconut Creek Parkway,C008,Mobil,19.0,14.0
major_direct_od_pair,late,2023-09,2024-06,6,4742.666063701878,0.0,0.5910366907169552,0.4089633092830448,"[{'road_class': 'secondary', 'road_name': 'Coconut Creek Parkway'}]",0.0,0.0,0.0,0.5910366907169552,0.0,0.0,0.4089633092830448,0.0,0.0,C004,Multi-tenant commercial area near Coconut Creek Parkway,C008,Mobil,19.0,14.0
major_direct_od_pair,early,2021-09,2022-07,5,40910.000011440585,0.0,0.7305195670870919,0.269480432912908,"[{'road_class': 'secondary', 'road_name': 'South Pompano Parkway'}, {'road_class': 'residential', 'road_name': 'Wynmoor Circle'}, {'road_class': 'primary', 'road_name': 'Northwest 31st Avenue'}, {'road_class': 'primary', 'road_name': 'Lyons Road'}, {'road_class': 'secondary', 'road_name': 'West McNab Road'}]",0.0,0.0,0.3516384335850155,0.37888113350207636,0.0,0.2417220889491093,0.027758343963798723,0.0,0.0,C005,Multi-tenant commercial area near North Powerline Road / South Powerline Road / South Pompano Parkway,C001,"Wynmoor area, Coconut Creek",18.0,11.0
major_direct_od_pair,middle,2022-08,2023-08,7,65686.53769775706,0.0,0.7674024282342545,0.23259757176574547,"[{'road_class': 'primary', 'road_name': 'Lyons Road'}, {'road_class': 'primary', 'road_name': 'South Lyons Road|Northwest 31st Avenue'}, {'road_class': 'primary', 'road_name': 'Northwest 31st Avenue'}, {'road_class': 'secondary', 'road_name': 'West McNab Road'}, {'road_class': 'primary', 'road_name': 'West Cypress Creek Road'}]",0.0,0.0,0.5906400365652893,0.1767623916689653,0.0,0.20130596362322564,0.03129160814251981,0.0,0.0,C005,Multi-tenant commercial area near North Powerline Road / South Powerline Road / South Pompano Parkway,C001,"Wynmoor area, Coconut Creek",18.0,11.0
major_direct_od_pair,late,2023-09,2024-06,6,50383.86658568718,0.0,0.7532984195300915,0.2467015804699086,"[{'road_class': 'primary', 'road_name': 'Lyons Road'}, {'road_class': 'secondary', 'road_name': 'West McNab Road'}, {'road_class': 'primary', 'road_name': 'Northwest 31st Avenue'}, {'road_class': 'primary', 'road_name': 'South Lyons Road|Northwest 31st Avenue'}, {'road_class': 'residential', 'road_name': 'Gateway Drive'}]",0.0,0.0,0.475139929563896,0.27815848996619547,0.0,0.2290739682775788,0.017627612192329792,0.0,0.0,C005,Multi-tenant commercial area near North Powerline Road / South Powerline Road / South Pompano Parkway,C001,"Wynmoor area, Coconut Creek",18.0,11.0
major_direct_od_pair,early,2021-09,2022-07,2,4714.379469061513,0.0,0.0,1.0,"[{'road_class': 'residential', 'road_name': 'Wynmoor Circle'}, {'road_class': 'residential', 'road_name': 'Portofino Isle'}, {'road_class': 'residential', 'road_name': 'Avenue of the Stars'}, {'road_class': 'residential', 'road_name': 'Antigua Circle'}]",0.0,0.0,0.0,0.0,0.0,0.9574028788502751,0.04259712114972488,0.0,0.0,C001,"Wynmoor area, Coconut Creek",C019,Broward County,18.0,12.0
major_direct_od_pair,middle,2022-08,2023-08,11,29041.29765560547,0.0,0.0,1.0,"[{'road_class': 'residential', 'road_name': 'Wynmoor Circle'}, {'road_class': 'residential', 'road_name': 'Avenue of the Stars'}, {'road_class': 'residential', 'road_name': 'Portofino Isle'}]",0.0,0.0,0.0,0.0,0.0,0.9475139569935912,0.05248604300640886,0.0,0.0,C001,"Wynmoor area, Coconut Creek",C019,Broward County,18.0,12.0
major_direct_od_pair,late,2023-09,2024-06,5,13175.893290790373,0.0,0.0,1.0,"[{'road_class': 'residential', 'road_name': 'Wynmoor Circle'}, {'road_class': 'residential', 'road_name': 'Avenue of the Stars'}, {'road_class': 'residential', 'road_name': 'Portofino Isle'}, {'road_class': 'residential', 'road_name': 'Antigua Circle'}]",0.0,0.0,0.0,0.0,0.0,0.9303098269825734,0.06969017301742668,0.0,0.0,C001,"Wynmoor area, Coconut Creek",C019,Broward County,18.0,12.0
major_direct_od_pair,early,2021-09,2022-07,3,5646.582987969773,0.0,0.6243958780818452,0.37560412191815473,"[{'road_class': 'primary', 'road_name': 'West Sample Road'}, {'road_class': 'tertiary', 'road_name': 'Turtle Creek Drive'}, {'road_class': 'tertiary', 'road_name': 'Northwest 62nd Avenue'}, {'road_class': 'tertiary', 'road_name': 'Terrapin Lane'}]",0.0,0.0,0.3832602436820605,0.0,0.24113563439978472,0.0,0.37560412191815473,0.0,0.0,C013,Turtle Run Shoppes area,C007,Winn-Dixie,18.0,13.0
major_direct_od_pair,middle,2022-08,2023-08,12,22819.27449915848,0.0,0.6109517974273875,0.38904820257261247,"[{'road_class': 'primary', 'road_name': 'West Sample Road'}, {'road_class': 'tertiary', 'road_name': 'Turtle Creek Drive'}, {'road_class': 'tertiary', 'road_name': 'Terrapin Lane'}, {'road_class': 'tertiary', 'road_name': 'Northwest 62nd Avenue'}]",0.0,0.0,0.37934786612432914,0.0,0.2316039313030584,0.0,0.38904820257261247,0.0,0.0,C013,Turtle Run Shoppes area,C007,Winn-Dixie,18.0,13.0
major_direct_od_pair,late,2023-09,2024-06,3,5349.466646539901,0.0,0.6408615028227758,0.3591384971772243,"[{'road_class': 'primary', 'road_name': 'West Sample Road'}, {'road_class': 'tertiary', 'road_name': 'Turtle Creek Drive'}, {'road_class': 'tertiary', 'road_name': 'Terrapin Lane'}, {'road_class': 'tertiary', 'road_name': 'Northwest 62nd Avenue'}]",0.0,0.0,0.40454701654043307,0.0,0.23631448628234264,0.0,0.3591384971772243,0.0,0.0,C013,Turtle Run Shoppes area,C007,Winn-Dixie,18.0,13.0
major_direct_od_pair,early,2021-09,2022-07,6,9195.648829564636,0.0,0.7415768119591704,0.2584231880408296,"[{'road_class': 'secondary', 'road_name': 'Coconut Creek Parkway'}, {'road_class': 'residential', 'road_name': 'Lakeside Drive'}]",0.0,0.0,0.0,0.7415768119591704,0.0,0.001159341902753859,0.25726384613807574,0.0,0.0,C004,Multi-tenant commercial area near Coconut Creek Parkway,C002,Coconut Creek Plaza short-stop area,17.0,12.0
major_direct_od_pair,middle,2022-08,2023-08,7,10876.580587917497,0.0,0.6602198762358674,0.3397801237641326,"[{'road_class': 'secondary', 'road_name': 'Coconut Creek Parkway'}, {'road_class': 'residential', 'road_name': 'Lakeside Drive'}]",0.0,0.0,0.0,0.6602198762358674,0.0,0.000980170277317365,0.33879995348681524,0.0,0.0,C004,Multi-tenant commercial area near Coconut Creek Parkway,C002,Coconut Creek Plaza short-stop area,17.0,12.0
major_direct_od_pair,late,2023-09,2024-06,4,6453.663002791689,0.0,0.7161698249984637,0.28383017500153623,"[{'road_class': 'secondary', 'road_name': 'Coconut Creek Parkway'}]",0.0,0.0,0.0,0.7161698249984637,0.0,0.0,0.28383017500153623,0.0,0.0,C004,Multi-tenant commercial area near Coconut Creek Parkway,C002,Coconut Creek Plaza short-stop area,17.0,12.0
major_direct_od_pair,early,2021-09,2022-07,0,0.0,,,,[],,,,,,,,,,C001,"Wynmoor area, Coconut Creek",C014,Broward County,16.0,9.0
major_direct_od_pair,middle,2022-08,2023-08,9,59043.10995440583,0.0,0.8458666196106248,0.15413338038937519,"[{'road_class': 'primary', 'road_name': 'Lyons Road'}, {'road_class': 'tertiary', 'road_name': 'Winston Park Boulevard'}, {'road_class': 'residential', 'road_name': 'Wynmoor Circle'}, {'road_class': 'residential', 'road_name': 'Westgate Drive'}, {'road_class': 'residential', 'road_name': 'Northwest 53rd Court'}]",0.0,0.0,0.759110860304888,0.0,0.08675575930573697,0.15305511914463435,0.001078261244740826,0.0,0.0,C001,"Wynmoor area, Coconut Creek",C014,Broward County,16.0,9.0
major_direct_od_pair,late,2023-09,2024-06,7,45925.48124812843,0.0,0.816367935498396,0.1836320645016039,"[{'road_class': 'primary', 'road_name': 'Lyons Road'}, {'road_class': 'tertiary', 'road_name': 'Winston Park Boulevard'}, {'road_class': 'residential', 'road_name': 'Wynmoor Circle'}, {'road_class': 'residential', 'road_name': 'Northwest 53rd Court'}, {'road_class': 'residential', 'road_name': 'Westgate Drive'}]",0.0,0.0,0.747851564537258,0.0,0.06851637096113795,0.1823837829176238,0.0012482815839801353,0.0,0.0,C001,"Wynmoor area, Coconut Creek",C014,Broward County,16.0,9.0
major_direct_od_pair,early,2021-09,2022-07,9,15568.574257269103,0.0,0.01978715891800193,0.9802128410819981,"[{'road_class': 'residential', 'road_name': 'Wynmoor Circle'}, {'road_class': 'residential', 'road_name': 'Wynmoor Drive'}, {'road_class': 'residential', 'road_name': 'Portofino Isle'}, {'road_class': 'secondary', 'road_name': 'Coconut Creek Parkway'}, {'road_class': 'residential', 'road_name': 'Northwest 39th Avenue'}]",0.0,0.0,0.0,0.01978715891800193,0.0,0.9095036637604769,0.0707091773215213,0.0,0.0,C009,Medical Suites by LOFTUS medical-office area,C001,"Wynmoor area, Coconut Creek",15.0,12.0
major_direct_od_pair,middle,2022-08,2023-08,5,9006.689623503853,0.0,0.004886175337168909,0.995113824662831,"[{'road_class': 'residential', 'road_name': 'Wynmoor Circle'}, {'road_class': 'residential', 'road_name': 'Wynmoor Drive'}, {'road_class': 'residential', 'road_name': 'Portofino Isle'}, {'road_class': 'residential', 'road_name': 'Northwest 39th Avenue'}, {'road_class': 'secondary', 'road_name': 'Coconut Creek Parkway'}]",0.0,0.0,0.0,0.004886175337168909,0.0,0.9513076436998568,0.04380618096297425,0.0,0.0,C009,Medical Suites by LOFTUS medical-office area,C001,"Wynmoor area, Coconut Creek",15.0,12.0
major_direct_od_pair,late,2023-09,2024-06,1,1781.1075385090655,0.0,0.0,1.0,"[{'road_class': 'residential', 'road_name': 'Wynmoor Circle'}, {'road_class': 'residential', 'road_name': 'Wynmoor Drive'}, {'road_class': 'residential', 'road_name': 'Portofino Isle'}]",0.0,0.0,0.0,0.0,0.0,0.9571279757677341,0.042872024232265916,0.0,0.0,C009,Medical Suites by LOFTUS medical-office area,C001,"Wynmoor area, Coconut Creek",15.0,12.0
