id,opath
2850,"90804,90804,90804,90804,90804,90804,90804,90804,90804,90804,90804,90804,90804,90804,90804,90804,90804,90804,90804,90804,90804,90804,90804,90804,90804,90804,90804,90804,90804,90804,90804,90804,90804,90804,90804,90804,90804,90804,90804,90804,90804,90804,90804,90804,90804,90804,90804,90804,90804,90804,90804,90804,90804,90804,90804,90804,90804,90804,90804,90804,90804,90804,90804,90804,90804,90804,90804,90804,90804,90804,147752,147752,147752,147752,147752,147752,90811,90811,90811,90811,90811,90811,90807,90807,90807,90807,90807,90812,90812,90812,90812,90812,90812,90812,90812,90812,90812,90812,90812,90812,90812,90812,90812,90812,90812,90812,90812,90812,90812,90812,90812,90812,90812,90812,90812,90812,90812,90812,90812,90812,90815,90815,90815,90815,90815,90815,90815,90815,90815,90815,90815,90815,90815,90815,90815,90815,90815,90815,90815,90815,90815,90815,90815,90815,90815,90815,147755,147755,147755,147755,147755,147755,147755,147755,147755,147755,147755,147755,147755,147755,147755,147755,147755,147755,147755,147755,147755,147755,147755,147755,147755,147755,147755,147755,147755,147755,147755,147755,147755,147755,147755,147755,147755,147755,147755,147755,147755,147755,147755,147755,147755,147755,147755,147755,147755,147755,147755,147755,147755,147755,147755,147755,147755,147755,147755,147755,147755,147755,147755,147755,147755,147755,147755,147755,147755,147755,147755,147755,147755,147755,147755,147755,147755,147755,147755,147755,147755,147755,147755,147755,147755,147755,147755,147755,147755,147755,147755,147755,147755,147755,147755,147755,147755,147755,147755,147755,147755,147755,147755,147755,147755,147755,147755,147755,147755"
1222,"87644,87644,87644,87644,87644,87644,87644,87644,87644,87644,87644,87644,87644,87639,87639,87639,87639,87639,87639,87639,87639,87639,87639,87639,87639,83089,83089,83089,83089,83089,83089,83089,83089,83089,83089,83065,83065,83065,83065,83065,83065,83065,83065,83065,83065,83065,29962,29962,29962,29962,29962,29962,29962,29962,29962,29962,29962,29962,4987,4987,4987,4987,4987,4987,4987,4987,29970,29970,29970,29970,29970,29970,29970,29970,29970,29970,29970,29970,29970,29970,29970,29970,5826,5826,5826,5826,5826,5826,5826,5826,5826,5826,5826,5826,5826,5826,5826,5307,5307,5307,82074,82074,82074,82074,82074,82074,82074,82074,82074,82074,82074,83073,83073,43208,43208,43208,43208,43208,43208,43208,43208,43208,43208,43208,43208,43208,43208,59554,59554,59554,59554,59554,59554,59554,59554,59554,9657,9659,9659,9659,9659,9659,9659,9659,4253,4253,4253,4253,4253,4253,4253,4253,4253,4253,4260,4260,4260,4260,4260,4260,4260,4260,4260,4260,4260,4260,4260,4260,4260,4260,4260,4260,82183,82183,82183,82183,82183,82183,82183,82183,82183,82183,82183,82183,82183,82183,82183,82183,82183,82183,82183,82183,82183,82183,82183,82183,82183,82183,82183,82183,82183,82183,82183,82183,82183,82183,82183,82183,82183,82183,82183,82183,82183,82183,82183,82183,82183,82183,82183,82183,82183,82183,82183,82183,82183,82183,82183,82183,82183,82183,82183,82183,82183,82183,82183,82183,82183,82183,82183,82183,82183,82183,82183,82183,82183,82183,82183,82183,82183,82183,82183,82183,82183,82183,82183,82183,82183,82183,82183,82183,82183,82183,82183,82183,82183,82183,82183,82183,82183,82183,82183,82183,82183,82183,82183,82183,82183,82183,82183,82183,82183,82183,82183,82183,82183,82183,82183,82183,82183,82183,82183"
1629,"175805,175805,175805,175805,175805,175805,175805,175805,175805,175805,175805,175805,175805,175805,175805,175805,175805,175805,175805,87643,87643,87643,87643,87643,87639,87639,87639,87639,87639,87639,87639,87639,87639,83089,83089,83089,83089,83089,83089,83089,83089,83089,83089,83089,83089,83089,83089,83089,83065,83065,83065,83065,83065,83065,83065,83065,83065,83065,83065,83065,83065,29962,29962,29962,29962,29962,29962,29962,29962,29962,29962,29962,4987,4987,4987,4987,4987,4987,4987,4987,29970,29970,29970,29970,29970,29970,29970,29970,29970,29970,29970,29970,29970,29970,29970,29970,5826,5826,5826,5826,5826,5826,5826,5826,5826,5826,5826,5826,5826,5826,5826,5826,5307,5307,82074,82074,82074,82074,82074,82074,82074,82074,82074,82074,82074,82074,82074,83073,43208,43208,43208,43208,43208,43208,43208,43208,43208,43208,43208,43208,43208,43208,43211,59554,59554,59554,59554,59554,59554,59554,59554,59554,59554,9659,9659,9659,9659,9659,9659,9659,9659,9659,9659,9659,9659,4253,4253,4253,4253,4253,4253,4260,4260,4260,4260,4260,4260,4260,4260,4260,4260,4260,4260,4260,4260,4260,4260,4260,4260,4260,82182,82182,82182,82182,82182,82182,82182,82182,82182,82182,82182,82182,82182,82182,82182,82182,82182,82182,82182,82182,82182,82182,82182,82182,82182,82182,82182,82182,82182,82182,82182,82182,82182,82182,82182,82182,82182,82182,82182,82182,82182,82182,82182,82182,82182,82182,82182,82182,82182,82182,82182,82182,82182,82182,82182,82182,82182,82182,82182,82182,82182,82182,82182,82182,82182,82182,82182,82182,82182,82182,82182,82182,82182,82182,82182,82182,82182,82182,82182,82182,82182,82182,82182,82182,82182,82182,82182,82182,82182,82182,82182,82182,82182,82182,82182,82182,82182,82182,82182,82182,82182,82182,82182,82182,82182,82182,82182,82182,82182,82182,82182,82182,82182,82182,82182"
0,"50800,50800,50800,50800,50800,50800,50800,50800,50800,50800,50804,50804,50804,50804,50804,50804,50804,50804,50804,50804,50804,50804,50804,50804,50804,50804,50804,50804,50804,50804,50804,50804,50804,50804,50804,50804,85525,85525,85525,85525,85525,85525,106591,106591,106591,106591,106591,106591,106591,106591,106591,106592,106592,106592,106592,106592,106592,106592,106592,106595,106595,149028,149028,149028,149028,149028,149028,149028,149028,149028,149028,149028,106607,106611,106615,106616,106616,106616,106616,106616,106616,106616,106618,106618,106618,106618,106618,106636,106636,106636,106636,106638,106638,106638,106638,106638,106638,106638,106638,106638,106638,55901,55901,55901,55901,55901,55901,55901,55901,55901,55901,55901,55901,55901,55901,55901,55901,55901,55901,61675,61675,61675,61675,61675,61675,61675,61675,61675,51714,51714,51714,51714,51714,51714,31264,31264,31264,31264,31264,31264,31264,31269,31269,31269,31269,31269,31269,31269,20672,20672,20672,20672,20672,20672,20672,20675,20675,20675,20675,20675,20675,20675,20675,16977,16981,16981,16981,16981,16981,16981,54723,54723,54723,54723,54723,54723,54723,54723,54723,54723,54723,54723,58467,58467,58467,58467,58467,58467,58467,58467,58467,83118,29154,29154,29154,29154,29156,29156,29156,29156,29156,29156,10409,10409,10409,10409,10409,10409,10409,10409,10409,10409,10409,10409,10417,10417,10417,10417,10417,10417,10417,10417,37932,37932,62491,149447,149447,149447,149440,149440,149441,20199,20199,20199,20199,20199,20199,20199,20203,20203,20203,20203,20203,20203,20203,20203,20203,44996,44996,44996,44996,44996,44996,44996,44996,44996,44996,44996,44996,44996,44996,44996,44996,44996,44996,44996,44996,44996,45000,45000,45000,45000,45000,45000,45000,45002,45002,45002,45002,45002,45002,45002,45002,45002,45002,45002,25608,25608,25608,25608,25548,25548,25548,25548,25548,25548,25548,25548,25548,25548,25548,25548,25548,25548,25548,25548,25548,25548,25548,25548,25548,25548,25548,25548,25548,25548,25540,25540,25540,25540,25540,25540,25540,25540,25540,25540,25540,25540,25540,25540,25540,25540,25540,25545,25545,25545,25545,25545,25545,25545,25545,25545,25095,25095,25095,25095,25095,25095,25095,25095,25095,25095,25095,25095,25095,25095,25095,25095,3418,3418,25093,25093,25093,25093,25093,25093,25093,25093,25093,25093,149679,149679,149679,149679,149679,149679,5818,5818,5818,5818,5818,5818,5818,5818,5818,5818,5818,5818,5818,5818,5818,5818,5818,5818,5818,51437,51437,51437,51437,51437,51437,51437,51437,51437,51437,51437,51437,51437,51437,51437,51437,51437,51437,51437,51437,51437,51437,51437,51437,51437,51437,51437,51437,51437,51437,51437,51437,51437,51437,51437,51437,51437,51437,51437,51437,51437,51437,51437,51437,51437,51437,51437,51437,51437,51437,51437,51437,51437,51437,51437,116593,116593,116581,116581,116581,116581,116581,116581,116581,116581,116581,116581,116581,116581,116581,116581,116581,116581,116581,116581,116581,116581,116581,116581,116581,116581,116581,116581,116581,116581,116581,116581,116581,116581,116581,116581,116581,116581,116581,116581,116581,116581,116581,116581,116581,116581,116581,116581,116581,116581,116581,116581,116581,116581,116581,116581,116581,116581,116581,116581,116581,116581,116581,116581,116581,116581,116581"
3257,"90813,90813,90813,90813,90806,90806,90806,90806,90810,90810,147751,147751,147751,147751,90803,90803,90803,90797,90797,90797,90797,90797,90797,90797,90797,90797,90797,90797,90797,90802,90802,90802,90802,90802,90802,90802,90802,125353,125353,125353,125353,125353,90834,90834,90834,90834,90834,90834,90834,90834,90834,90834,90834,90834,90834,90834,90834,90834,90834,90834,90834,90834,90834,90834,90834,90834,90834,90834,90834,90834,90834,90834,90834,90834,90834,90834,90834,90834,90834,90834,90834,90834,90834,90834,90834,90834,90834,90834,90834,90834,90834,90834,90834,90834,90834,90834,90834,90834,90834,90834,90834,90834,90834,90834,90834,90834,90834,90834,90834,90834,90834,90834,90834,90834,90834,90834,90834,90834,90834,90834,90834,90834,90834,90834,90834,90834,90834,90834,90834,90834,90834,90834,90834,90834,90834,90834,90834,90834,90834,90834,90834,90834,90834,90834,90834,90834,90834,90834,90834,90834,90834,90834,90834,90834,90834,90834,90834,90834,90834,21760,21760,21760,21760,90758,90758,90758,90758,90758,90758,90758,90758,90758,90758,90758,21756,21756,21756,21756,21756,21756,21756,21756,21756,21756,21756,21756,21756,21756,21756,21756,21756,21756,21756,90842,90842,90842,90842,90842,90842,90842,90842,90842,90842,90842,90842,90842,90842,90842,90842,90842,90842,90842,90842,90842,90842,90842,90842,90842,90842,90842,90842,90842,90842,90842,90842,90842,90842,90842,90842,90842,90842,90842,90842,90842,90842,90842,90842,187982,187982,187982,187982,187982,187982,187982,187982,187982,187982,43208,43208,43208,43208,43208,43208,43208,43208,43208,43208,43208,43208,43208,43208,43211,59554,59554,59554,59554,59554,59554,59554,59554,59554,59554,59554,9657,9659,9659,9659,9659,9659,9659,9659,9659,9659,9659,9659,9659,9659,9659,9659,9659,9659,4260,4260,4260,4260,4260,4260,4260,4260,4260,4260,4260,4260,4260,4260,4260,4260,82183,82183,82183,82183,82183,82183,82183,82183,82183,82183,82183,82183,82183,82183,82183,82183,82183,82183,82183,82183,82183,82183,82183,82183,82183,82183,82183,82183,82183,82183,82183,82183,82183,82183,82183,82183,82183,82183,82183,82183,82183,82183,82183,82183,82183,82183,82183,82183,82183,82183,82183,82183,82183,82183,82183,82183,82183,82183,82183,82183,82183,82183,82183,82183,82183,82183,82183,82183,82183,82183,82183,82183,82183,82183,82183,82183,82183,82183,82183,82183,82183,82183,82183,82183,82183,82183,82183,82183,82183,82183,82183,82183,82183,82183,82183,82183,82183,82183,82183,82183,82183,82183,82183,82183,82183,82183,82183,82183,82183,82183,82183,82183,82183,82183,82183"
2443,"153448,153448,153448,153448,153448,153448,153448,153448,153448,153448,153448,153448,153448,153448,153448,153448,153448,153448,153448,153448,153448,153448,153448,153448,153448,153448,153448,153448,153448,153448,153448,153448,153448,153448,153448,153448,153448,153448,153448,153448,153448,153448,153448,153448,153448,153455,153455,153455,153455,153455,153455,153455,153455,153455,153455,153455,153455,153455,153455,153455,153455,153490,153490,153490,153490,153488,153488,153488,153485,153485,153487,153487,153487,153487,153487,153487,153487,153487,153480,153499,153499,153499,153501,153501,153503,153503,153503,153503,153503,153503,153503,153503,34842,34844,34844,34844,34844,34844,34844,34844,34844,34844,34844,34844,34844,34844,62380,82041,82041,82041,83082,83082,83082,83082,83082,83082,83082,83082,83082,83082,83082,83082,83082,83082,83091,83091,83091,83091,83091,23695,23695,23695,23695,23695,23695,23695,23695,23695,23695,23695,62849,62849,62849,62849,62849,62849,62849,62849,62849,62849,62849,82033,82033,82033,82033,82033,82033,82033,82033,82033,82033,82033,82033,65536,65535,65535,65535,65535,65535,65535,65535,65535,65535,65535,65542,65542,65542,65542,65542,65542,65542,194188,194188,194188,194188,194188,194188,194188,194188,194188,194188,194188,194188,194188,194188,194188,194188,57132,57132,57132,57132,57132,57132,57132,57132,57132,57132,57132,57132,57132,57132,57132,57132,57132,57132,57132,57132,57132,57132,57132,57132,57132,57132,57132,57132,9148,9148,9148,9148,9151,9151,9151,9151,9151,9151,9151,9151,9151,9151,26506,26506,26506,26506,26506,26506,26506,26506,26506,26506,26506,26506,26506,26506,26506,26506,26506,26506,26506,26506,26506,26506,26506,26506,26506,26506,26506,26506,26506,26506,26506,26506,26507,21746,21746,21746,21746,21746,21749,21749,21749,21749,21749,21749,21749,21749,90745,90745,90745,90745,90745,90745,90745,90740,90740,90740,90740,90740,90740,90740,90740,90740,90733,90733,90733,90733,90733,90733,90733,90733,90733,90733,90735,90735,90735,90735,90735,90735,90735,109841,57139,57139,57139,57139,57139,57139,57139,57143,57143,57143,57143,57143,190510,190510,190510,190510,190510,148225,148225,148225,148225,148358,148358,148358,148358,148358,148359,190506,190506,190506,88449,88449,88449,88449,88449,88449,88449,88451,88451,88451,88451,88451,88451,88451,88451,88451,88451,88451,88451,88451,88451,88451,88451,88451,88451,88451,88451,88451,88451,88451,88451,88451,88451,88451,88451,88451,88451,88451,88451,88451,88451,88451,88451,88451,88451,88451,88451,88451,88451,88451,88451,88451,88451,88451,88451,88451,88451,88451,88451,88451,88451,88451,88451,88451,88451,88451,88451,88451,88451,88451,88451,88451,88451,88451,88451,88451,88451,88451,88451,88451,88451,88451,88451,88451,88451,88451,88451,88451,88451,88451,88451,88451,88451,88451,88451,88451,88451,88451,88451,88451,88451,88451,88451,88451,88451,88451,88451,88451,88451,88451,88451,88451,88451,88451,88451,88451,88451,88451,88451,88451,88451,88451,88451,88451,88451,88451,88451,88451,88451,88451,88451,88451,88451,88451,88451,88451,88451,88451"
2036,"88509,88509,88509,88509,88509,88509,88509,88509,88509,88509,88509,88509,88509,88509,88509,88509,88509,88509,88509,88509,88509,88509,88509,88509,88509,88509,88509,88509,88509,88509,88509,88509,88509,88509,88509,88509,88509,88509,88509,88509,88509,88509,88509,88509,88509,88509,88509,88509,88509,88509,88509,88509,88509,88509,88509,88509,88509,88509,88509,88509,88509,88509,88509,88509,88509,88509,88509,88509,88509,88509,88509,88509,88509,88509,88509,88509,88509,88509,88509,88509,88509,88509,88509,88509,88509,88509,88511,88511,88511,88511,88511,88511,88511,88518,88518,88518,88518,88518,148386,148386,148380,148380,148380,148380,148380,148374,148374,148374,148374,148368,148368,148368,88497,88497,88495,88495,88495,88495,88495,88495,88461,88461,88461,88461,88458,88458,88458,88465,88465,88465,88465,88465,88465,88465,88465,88472,88472,88472,88472,88472,88472,88472,88477,88477,88477,88477,88477,88477,88477,88477,88477,88477,88477,88477,88477,88477,88477,88477,88477,88477,88477,88477,88477,88477,88477,88477,88477,88477,88477,88477,88477,88477,88477,88477,88477,148341,148341,148341,148341,148341,148341,148341,148341,148359,190506,190506,190506,190506,190506,190506,190506,190506,190506,190506,190506,190506,190506,190506,190506,190506,190506,190506,190506,190506,190506,190506,190506,190506,190506,190506,190506,190506,88449,88449,190511,190511,190511,190511,190511,190511,190511,88453,88453,88453,88453,88453,88453,148264,148264,148264,148264,148264,148264,148264,148264,148261,148261,148261,148261,148261,148261,147978,147978,147978,147978,147978,147978,147978,147978,147978,147978,147978,147978,147978,147978,147978,147978,147978,147978,147978,147978,147978,147978,147978,147978,147978,147978,147978,147978,147978,147978,147978,147978,147978,147978,147978,147978,147978,147978,147978,147978,147978,147978,147978,147978,147978,147978,57140,57140,109840,109840,109840,109840,109840,109843,109843,148036,148034,148034,148034,148034,148034,148034,109845,109845,109845,109847,109847,109847,109847,109847,109847,109847,109847,109847,109847,109847,109847,109847,109847,109847,109847,90749,90749,90749,90749,90749,90749,90749,90749,109851,109851,109851,109851,109851,109851,109851,109851,109851,109851,109851,109851,109851,109851,109851,109851,109851,109851,109851,109851,109851,109851,109851,109851,109851,109851,109851,109851,109851,21747,21747,26508,26508,26508,26508,26508,26508,26508,26508,26508,26508,26508,26508,26508,26508,26508,90758,90758,90758,90758,90758,90758,90758,90758,90758,21756,21756,21756,21756,21756,21756,21756,21756,21756,21756,21756,21756,21756,21756,21756,21756,21756,21756,90842,90842,90842,90842,90842,90842,90842,90842,90842,90842,90842,90842,90842,90842,90842,90842,90842,90842,90842,90842,90842,90842,90842,90842,90842,90842,90842,90842,90842,90842,90842,187982,187982,187982,187982,187982,187982,187982,187982,187982,187982,187982,187982,187982,83060,83060,43208,43208,43208,43208,43208,43208,43208,43208,43208,43208,43208,43208,43208,43211,59554,59554,59554,59554,59554,59554,59554,59554,59554,9659,9659,9659,9659,9659,9659,9659,9659,4253,4253,4253,4253,4253,4253,4260,4260,4260,4260,4260,4260,4260,4260,4260,4260,4260,4260,4260,4260,4260,4260,82182,82182,82182,82182,82182,82182,82182,82182,82182,82182,82182,82182,82182,82182,82182,82182,82182,82182,82182,82182,82182,82182,82182,82182,82182,82182,82182,82182,82182,82182,82182,82182,82182,82182,82182,82182,82182,82182,82182,82182,82182,82182,82182,82182,82182,82182,82182,82182,82182,82182,82182,82182,82182,82182,82182,82182,82182,82182,82182,82182,82182,82182,82182,82182,82182,82182,82182,82182,82182,82182,82182,82182,82182,82182,82182,82182,82182,82182,82182,82182,82182,82182,82182,82182,82182,82182,82182,82182,82182,82182,82182,82182,82182,82182,82182,82182,82182,82182,82182,82182,82182,82182,82182,82182,82182,82182,82182,82182,82182,82182,82182,82182,82182,82182,82182,82182,82182,82182,82182,82182,82182,82182,82182,82182,82182,82182,82182,82182,82182,82182,82182,82182,82182,82182,82182"
3258,"4929,4929,4929,4929,4929,4929,4929,4929,4929,4257,4257,4257,4257,4257,4257,4257,4257,4257,4257,4257,4257,4257,4257,83069,82156,82156,82156,82156,82156,82156,82156,82156,82156,82156,82156,59555,83107,83107,83107,83107,83107,83107,83107,83107,83107,83107,83107,83107,83107,83107,83107,83107,83107,43209,43209,83061,83061,83061,83061,83061,83061,83061,83061,83061,82068,82068,82068,82039,82039,82039,82039,82039,82039,82039,82039,82039,82039,82039,82039,82039,82039,82039,82039,5823,5823,5823,5823,5823,5823,5823,5823,5823,5823,5823,5823,5823,5823,5823,5823,5823,5830,5830,5830,5830,5830,5830,5830,5830,4984,4984,4984,4984,4984,4984,4984,4984,4984,4984,4984,4984,4984,4990,4990,4990,4990,4990,4990,4990,4990,4990,29967,29967,29967,29967,29967,83066,83066,83066,83066,83066,83066,87636,87636,87636,87636,87636,87636,87636,87636,87636,87636,87636,87642,87642,87642,87642,87642,87642,87642,87642,87642,87642,87642,87642,87642,87642,87642,87642,87642,87642,87642,87642,87642,87642,87642,87642,87642,87642,87642,87642,87642,87642,87642,87642,87642,87642,87642,87642,87642,87642,87642,87642,87642,87642,87642,87642,87642,87642,87642,87642,87642,87642,87642,87642,87642,87642,87642,87642,87642,87642,87642,87642,87642,87642,87642,87642,87642,87642,87642,87642,87642,87642,87642,87642,87642,87642,87642,87642,87642,87642,87642,87642,87642,87642,87642,87642,87642,87642,87642,87642,87642,87642,87642,87642,87642,87642,87642,87642,87642,87642,87642,87642,87642,87642,87642,87642,87642,87642,87642,87642,87642,87642,87642,87642,87642,87642,87642,87642,87642,87642,87642,87642,87642,87642,87642,87642,87642,87642,87642"
2851,"147759,147759,147759,147759,147759,147759,147759,147759,147759,147759,147759,147759,147759,147759,147759,147759,147759,147759,147759,147759,147759,147759,147759,147759,147759,147759,147759,147759,147759,147759,147759,147759,147759,147759,147759,147759,147759,147759,147759,147759,147759,147759,147759,147759,147759,147759,147759,147759,147759,147759,147759,147759,147759,147759,147759,147759,147759,147759,147759,147759,147759,147759,147759,147759,147759,147759,147759,147759,147759,147759,147759,147759,147759,147759,147759,147759,147759,147759,147759,147759,147759,147759,147759,147759,147759,147759,147759,147759,147759,147759,147759,147759,147759,147759,147759,147759,147759,147759,147759,147759,147759,147759,147756,147756,147756,147756,147756,147756,147756,147756,147756,147754,147754,147754,147754,147754,147754,147754,90814,90814,90814,90814,90814,90814,90814,90814,90813,90813,90813,90813,90813,90813,90806,90806,90806,90806,90810,90810,90810,90810,147751,147751,147751,147751,90803,90803,90803,90797,90797,90797,90797,90797,90797,90797,90797,90797,90797,90797,90802,90802,90802,90802,125353,125353,125353,125353,125353,125353,125353,125353,125353,125353,90834,90834,90834,90834,90834,90834,90834,90834,90834,90834,90834,90834,90834,90834,90834,90834,90834,90834,90834,90834,90834,90834,90834,90834,90834,90834,90834,90834,90834,90834,90834,90834,90834,90834,90834,90834,90834,90834,90834,90834,90834,90834,90834,90834,90834,90834,90834,90834,90834,90834,90834,90834,90834,90834,90834,90834,90834,90834,90834,90834,90834,90834,90834,90834,90834,90834,90834,90834,90834,90834,90834,90834,90834,90834,90834,90834,90834,90834,90834,90834,90834,90834,90834,90834,90834,90834,90834,90834,90834,90834,90834,90834,90834,90834,90834,90834,90834,90834,90834,90834,90834,90834,90834,90834,90834,90834,90834,90834,90834,90834,90834,90834,90834,90834,90834,90834,90834,90834,90834,90834,90834,90834,21760,90758,90758,90758,90758,90758,90758,90758,90758,90758,90758,90758,90758,90758,90758,21756,21756,21756,21756,21756,21756,21756,21756,21756,21756,21756,21756,21756,21756,21756,21756,21756,21756,21756,90842,90842,90842,90842,90842,90842,90842,90842,90842,90842,90842,90842,90842,90842,90842,90842,90842,90842,90842,90842,90842,90842,90842,90842,90842,90842,90842,90842,90842,90842,90842,90842,90842,90842,90842,90842,90842,90842,90842,90842,90842,90842,90842,90842,90842,90842,187982,187982,187982,187982,187982,187982,187982,187982,187982,187982,187982,187982,187982,187982,187982,187982,83060,83060,43208,43208,43208,43208,43208,43208,43208,43208,43208,43208,43208,43208,43208,43208,43208,43208,43208,43208,43208,43208,43208,43208,59554,59554,59554,59554,59554,59554,59554,59554,59554,59554,59554,59554,59554,59554,9657,9659,9659,9659,9659,9659,9659,9659,9659,9659,9659,9659,9659,9659,9659,9659,9659,9659,9659,9659,9659,9659,4260,4260,4260,4260,4260,4260,4260,4260,4260,4260,4260,4260,4260,4260,82182,82182,82182,82182,82182,82182,82182,82182,82182,82182,82182,82182,82182,82182,82182,82182,82182,82182,82182,82182,82182,82182,82182,82182,82182,82182,82182,82182,82182,82182,82182,82182,82182,82182,82182,82182,82182,82182,82182,82182,82182,82182,82182,82182,82182,82182,82182,82182,82182,82182,82182,82182,82182,82182,82182,82182,82182,82182,82182,82182,82182,82182,82182,82182,82182,82182,82182,82182,82182,82182,82182,82182,82182,82182,82182,82182,82182,82182,82182,82182,82182,82182,82182,82182,82182,82182,82182,82182,82182,82182,82182,82182,82182,82182,82182,82182,82182,82182,82182,82182,82182,82182,82182,82182,82182,82182,82182,82182,82182,82182,82182,82182,82182,82182,82182,82182,82182,82182"
408,"82182,82182,82182,82182,82182,82182,82182,82182,82182,82182,82182,82182,82182,82182,82182,82182,82182,82182,82182,82182,82182,82182,82182,82182,82182,82182,82182,82182,82182,82182,82182,82182,82182,82182,82182,82182,82182,82182,82182,82182,82182,82182,82182,82182,82182,82182,82182,82182,82182,82182,82182,82182,82182,82182,82182,82182,82182,82182,82182,82182,82182,82182,82182,82182,82182,82182,82182,82182,82182,82182,82182,82190,82190,82190,82190,82190,82190,82190,82190,82190,82190,82190,82190,82190,82190,82190,82190,82190,82190,82190,82190,82190,82187,82187,82187,82187,82187,82187,82187,82187,82187,82187,82187,82187,82187,82187,82187,82187,82187,82187,82187,82187,82187,82187,82181,82181,82181,82181,82181,82181,82181,82181,82181,82181,82181,82181,82181,82181,59553,59553,59553,83107,83107,83107,83107,83107,83107,83107,83107,83107,83107,83107,83107,83107,83107,83107,83107,83107,83107,83107,83107,43209,43209,83061,83061,83061,83061,83061,83061,83061,83061,82068,82068,82068,82039,82039,82039,82039,82039,82039,82039,82039,82039,82039,82039,82039,82039,82039,82039,5823,5823,5823,5823,5823,5823,5823,5823,5823,5823,5823,5823,5823,5823,5830,5830,5830,5830,5830,5830,5830,5830,5830,4984,4984,4984,4984,4984,4984,4984,4984,4984,4984,4984,4990,4990,4990,4990,4990,4990,4990,4990,4990,4990,4990,29968,29968,29968,29968,29968,29968,29968,65535,65535,65535,65535,65535,65535,65535,65535,65535,65535,65535,194188,194188,194188,194188,194188,194188,194188,194188,194188,194188,194188,194188,194188,194188,194188,194188,194188,194188,194188,194188,194188,194188,194188,194188,194188,194188,194188,57130,57135,57135,57135,57135,57135,109866,134934,134934,134934,134934,134934,134934,134934,134934,134936,134936,134936,134936,134936,134966,134966,134966,134966,134966,134966,134966,134966,134966,134966,134966,134966,57125,57125,57125,57129,57129,57129,57129,57129,57129,57129,4094,4094,4094,4094,4094,4094,4094,4094,4094,4094,4094,4094,4094,4094,4094,4094,4094,195563,195563,195563,195563,195563,195563,195563,195563,150037,150037,150037,150037,150037,150037,150037,150037,150037,150037,150037,150037,150037,150037,150037,150037,150037,150037,150037,150037,150037,150037,150037,150037,150037,150037,150037,150037,150037,150037,150037,150037,150037,150037,150037,150037,150037,150037,150037,150037,150037,150037,150037,150037,150037,150037,150037,150037,150037,150037,150037,150037,150037,150037,150037,150037,150037,150037,150037,150037,150037,150037,150037,150037,102364,102364,102364,102364,102364,102366,102366,102366,102366,102366,102366,102366,102366,102369,102369,150044,150044,150049,150049,150065,150065,150065,150065,150065,150073,150073,150073,150073,150633,150633,150633,63890,63890,63890,63890,63890,102371,102371,102371,189925,189925,189925,65357,65357,65357,65357,102373,102373,102373,150677,150691,150691,150691,150691,65350,65350,65350,65350,102361,102361,102361,102361,150747,150747,150747,150747,86695,86695,86695,86698,86698,86698,150727,86690,86690,54183,54183,54183,54183,54183,54183,54183,54183,54183,54175,54175,54175,54175,54179,54179,54179,54179,54179,54179,54179,54179,54179,54179,54185,54185,54185,54185,54185,54185,54185,54185,54185,54185,54185,54189,90668,150675,150675,150675,150675,150675,150675,150675,54191,54193,54193,54193,54193,54193,54193,54193,54193,54195,54195,54197,54197,43766,43766,43768,43768,43768,43768,54199,54199,54201,90652,90652,90652,54204,54204,54204,54204,54206,54206,79706,79706,79706,57000,57000,57000,79704,79704,79704,114643,114643,114643,114643,114643,79710,79710,79710,79710,79710,79710,79710,79710,79710,79710,79710,79710,79710,79710,79710,79710,79710,79710,79710,79710,79710,79710,79710,79710,79710,79710,79710,79710,79710,79710,79710,79710,79710,79710,79710,79710,79710,79710,79710,79710,79710,72443,72443,54213,54213,54213,54213,54213,54213,54216,54216,54216,90603,90603,90603,90603,90603,90603,90603,90603,90360,90360,90360,90360,90360,90360,90336,90336,90336,90336,54218,54220,193072,193072,193072,193072,193072,193072,43655,43657,43657,43657,43657,43657,43657,43657,43657,43657,43657,90322,43623,43623,43623,43623,43623,60744,60744,60744,60744,60744,60744,60744,60744,60744,60744,60744,60744,60744,60744,3813,3813,126794,126794,126794,126794,126794,126794,126794,126794,126794,126794,126794,126738,126738,138600,138600,138582,138582,138582,138582,138582,138582,138582,138582,138582,138582,138582,138582,138582,138582,138582,138582,138582,138582,138582,138582,138582,138582,138582,138582,138582,138582,138582,138582,138582,138582,138582,138582,138582,138582,138582,138582,138582,138582,138582,138582,138582,138582,138582,138582,138582,138582,138582,138582,138582,138582,138582,138582,138582,138582,138582,138582,138582,138582,138582,138582,138582,138582,138582,138582,138582,138582,138582,138582,138582,138582,138582,138582,138582,138582,138582,138582,138582,138582,138582,138582,138582,138582,138582,138582,138582,138582,138582,138582,138582,138582,138582,138582,138582,138582,138582,138582,138582,138582,138582,138582,138582,138582,138582,138582,138582,138582,138582,138582,138582,138582,138582,138582,138582,138582,138582,138582,138582,138582,138582,138582,138582,138582,138582,138582,138582,138582,138582,138582,138582,138582,138582"
2037,"82191,82191,82191,82191,82191,82191,82191,82191,82191,82191,82191,82191,82191,82191,82191,82191,82191,82191,82191,82191,82191,82191,82191,82191,82191,82191,82191,82191,82191,82191,82191,82191,82191,82191,82191,82191,82191,82191,82191,82191,82191,82191,82191,82191,82191,82191,82191,82184,82184,82184,82184,82184,82184,82184,82184,82184,82184,82184,82184,82184,82184,82184,82184,82184,82184,82184,82184,82184,82184,4258,4258,4258,4258,4258,4258,4252,4252,4252,4257,4257,4257,4257,4257,4257,4257,4257,4257,4257,4257,4257,82156,82156,82156,82156,82156,82156,82156,82156,82156,82156,59555,83107,83107,83107,83107,83107,83107,83107,83107,83107,83107,83107,83107,83107,83107,83107,43210,43210,43210,43210,43210,43210,83063,83063,83063,83063,83063,83063,83063,83063,83063,83063,83063,83063,83063,83063,83063,90843,21766,21766,21766,21766,21766,21766,21766,21766,21766,21766,21766,21766,21766,21766,21766,21766,21766,21766,21753,21753,21753,21753,21753,21753,21753,21753,21753,21753,21753,21753,21753,21753,21761,21761,21761,21761,21761,21761,21761,21761,21761,21761,21761,21761,21761,90794,90794,90794,90794,90801,90801,90801,90801,90801,90801,90801,90798,90798,90798,90804,147752,147752,147752,90811,90811,90811,90811,90807,90807,90807,90807,90807,90812,90812,90812,90812,90812,90812,90812,90816,90816,90816,90816,90816,90816,90816,90816,90816,90816,90816,90816,90816,90816,90816,90816,90816,90816,90816,90816,90816,90816,90816,90816,90816,90816,90816,90816,90816,90816,90816,90816,90816,90816,90816,90816,90816,90816,90816,90816,90816,90816,90816,90816,90816,90816,90816,90816,90816,90816,90816,90816,90816,90816,90816,90816,90816,90816,90816,90816,90816,90816,90816,90816,90816,90816,90816,90816,90816,90816,90816,90816,90816,90816,90816,90816,90816,90816,90816,90816,90816,90816,90816,90816,90816,90816,90816,90816,90816,90816,90816,90816,90816,90816,90816,90816,90816,90816,90816,90816,90816,90816,90816,90816,90816,90816,90816,90816,90816,90816,90816,90816,90816,90816,90816,90816,90816,90816,90816,90816,90816,90816,90816,90816,90816,90816,90816,90816,90816,90816,90816,90816,90816,90816,90816"
2444,"88451,88451,88451,88451,88451,88451,88451,88451,88451,88451,88451,88451,88451,88451,88451,88451,88451,88451,88451,88451,88451,88451,88451,88451,88451,88451,88451,88451,88451,88451,88451,88451,88451,88451,88451,88451,88451,88451,88451,88451,88451,88451,88453,88453,88453,88453,88453,88453,148264,148264,148264,148264,148264,148264,148261,148261,148261,148261,148261,148261,147978,147978,147978,147978,147978,147978,147978,147978,57140,57140,109842,109842,109842,109842,109842,109842,109860,109860,109860,109860,109860,148078,148078,148078,148078,148078,148089,148089,148089,148089,148089,148089,148089,148089,147836,147836,147836,147836,147836,147836,147836,120243,120243,120243,120243,120243,120243,120243,120243,120243,120243,120243,120243,120243,120243,120243,120322,120322,120322,88198,88198,88198,88198,88198,88198,88198,120327,120327,120327,120327,120327,120327,120327,120293,120293,120293,120293,120293,120293,120293,120298,120298,120298,120298,120298,120298,120298,120332,120332,120332,120332,120332,120332,120332,120332,120332,120332,120332,120332,120332,120332,120332,120332,120332,120332,120332,120332,120332,120332,120332,120332,120332,120332,120332,120332,120332,120332,120332,120332,120332,120332,120332,120332,120332,120332,120332,120332,120332,120332,120332,120332,120332,120332,120332,120332,120332,120332,120332,120332,120332,120332,120332,120332,120332,120332,120332,120332,120332,120332,120332,120332,120332,120332,120332,120332,120332,120332,120332,120332,120332,120332,120263,120263,120263,120263,120263,120263,120263,120263,120263,120263,120263,120263,120263,120264,120264,120264,120264,120264,120264,120264,120264,120264,120264,120264,120264,120264,120264,120264,120264,120264,120264,120264,120264,120264,120264,120264,120264,120264,120264,120264,120264,120264,120264,120264,120264,120264,120264,120264,120264,120264,120264,120264,120264,120264,120264,120264,120264,120264,120264,120264,120264,14869,14869,14869,14869,14869,14869,14869,14874,14874,14874,134506,134497,134497,134497,134497,134501,134501,134501,134501,134501,134501,134501,134501,134501,134501,134501,134501,134501,134501,134501,134501,134501,134501,134501,134501,134501,134501,134501,134501,134501,134501,134501,134501,134501,134501,134501,134501,134501,134501,134501,134501,134501,134501,134501,134501,134501,134501,134501,134501,134501,134501,134501,134501,134501,134501,134501,134501,134501,134501,134501,134501,134501,134501,134501,134501,134501,134501,134501,134501,134501,134501,134501,134501,134501,134501,134501,134501,134501,134501,134501,134501,134501,134501,134501,134501,134501,134501,134501,134501,134501,134501,134501,134501,134501,134501,134501,134501,134501,134501,134501,134501,134501,134501,134501,134501,134501,134501,134501,134501,134501,134501,134501,134501,134501,134501,134501,134501,134501,134501,134501,134501,134501,134501,134501,134501,134501,134501,134501,134501,134501,134501,134501,134501,134501,134501,134501,134501,134501,134501,134501,134501,134501,134501,134501,134501,134501,134501,134501,134501,134501,134501,134501,134501,134501"
1,"116581,116581,116581,116581,116581,116581,116581,116581,116581,116581,116581,116581,116581,116581,116581,116581,116581,116581,116581,116581,116581,116581,116581,116581,116581,116581,116581,116581,116581,116581,116581,116581,116581,116581,116581,116581,116581,116581,116581,116581,116581,116581,116581,116581,116581,116581,116581,116581,116581,116581,116581,116581,116581,116581,116581,116581,116581,116581,116581,116581,116581,116581,116581,116581,116581,116594,116594,116594,116594,116594,51429,51429,51429,51429,51429,51429,51429,51429,51429,51429,51429,51429,51429,51429,51435,51435,51435,51435,51435,51435,51435,51435,51435,51435,51435,51435,5815,25856,25856,25856,25094,25094,25094,25094,25094,25094,25094,25094,25546,25546,25546,25546,25546,25546,25546,25546,25546,25546,25546,25546,25546,25546,25546,25546,25546,25546,25541,25541,25541,25541,25541,25541,25541,25541,25541,25541,25541,25541,25541,25541,25541,25541,25541,25541,25541,25541,25541,25541,25541,25541,25541,25541,25541,25549,25549,25549,25549,25549,25549,25549,25549,25549,25549,25549,25549,25549,25549,25549,25549,25549,25549,25549,25549,25549,25549,25549,25549,25607,25763,25763,25763,25763,25763,25763,25763,25763,25763,25763,25763,25763,25763,25763,25763,25763,25763,25763,25763,25763,25763,25763,25763,25763,25763,25763,25763,25763,25763,25765,25765,25765,25765,25765,25765,25765,25765,25765,25765,38949,38949,38949,38949,38949,38949,38949,38949,38949,38949,38949,38949,4270,4270,4270,4270,4270,4270,4270,4270,4270,4270,4270,4270,4270,4270,4270,4277,4277,4277,4277,4277,4277,4277,4277,4277,4277,4277,4277,4277,68363,68363,68363,68363,68363,54667,54667,54667,54667,54667,54667,54667,54667,54667,54667,54667,54667,54671,67464,67464,67464,67464,67464,67464,67464,67464,67464,67464,67464,67464,67464,67464,67464,67464,67464,67464,40777,40777,40777,40777,40654,40654,40654,40654,40654,40654,40654,40654,40654,40654,40654,40654,40654,40654,40654,40654,40654,40654,40654,40654,40654,40657,40657,55884,55884,55884,55884,55884,55884,55884,55884,55884,55884,55884,55884,55884,55884,55884,55884,55884,55884,55884,55884,55884,55884,55884,55884,55884,55884,55884,55884,55884,55884,55884,55884,55884,55884,55884,55884,55884,55884,55884,55884,55884,55884,55884,55884,55884,55884,55884,55884,55884,55884,55884,55884,55884,55884,55884,55884,55884,55884,55884,55884,55884,55884,55884,55884,55884,55884,55884,55884,55884,55884,55884,55884,134455,134455,134455,50886,50886,50889,50889,50889,50889,50889,50889,50889,79187,79187,79187,79187,79187,79187,79187,79187,79187,14873,14873,14873,14873,14873,14873,14873,14873,14873,14873,14873,14873,14873,14873,14873,14873,14873,14873,14873,14873,14873,14873,14873,14873,14873,14873,14873,14873,14873,14873,14873,14873,14873,14873,14873,14873,14873,14873,14873,14873,14873,14873,14873,14873,14873,14873,14873,14873,14873,14873,14873,14873,14873,78982,78982,78982,78982,78982,79189,79189,79189,79189,79189,79189,79189,79189,79189,79189,79189,79189,79189,79189,79189,79189,79189,79189,79189,79189,79189,79189,79189,79189,79189,79189,79189,79189,79189,79189,79189,79189,79189,79189,79189,79189,79189,79189,79189,79189,79189,79189,79189,79189,79189,79189,79189,79189,79189,79189,79189,79189,50878,50878,50878,50878,50878,50878,134428,134428,134428,134428,134428,134428,134428,134428,134428,134428,134428,134428,134428,134428,134436,134436,134436,134436,134436,134436,134436,134436,134436,134436,134436,134436,134436,134436,134436,134436,134436,134436,134436,134436,134436,134436,134436,134436,134436,134436,134436,134436,134436,134436,134436,134436,134436,134436,134436,134436,134436,134436,134436,134436,134436,134436,134436,134436,134436,134436,134436,134436,134436,134436,134436,134436,134436,134436,134436,134436,134436,134436,134436,134436,134436,134436,134436,134436,134436,134436,134436,134445,134445,134445,134445,134445,134445,134445,134445,134445,134445,134445,134445,73865,73865,73865,73865,73866,73869,73869,73869,73869,73869,73869,73869,73869,73869,73869,73869,73869,73869,73869,73794,73794,73794,73794,73794,73794,73794,40656,40656,40656,40656,40780,40780,40780,40780,40780,40780,40780,40780,40780,40780,40780,40780,40780,40780,40780,40780,40780,73881,73796,73796,73796,73796,73796,73796,73796,73796,73796,73796,73796,73796,73796,73796,73796,73796,73796,73796,54670,54670,54670,54670,54670,54670,68366,68366,68366,68366,68366,68366,68366,68366,68366,68366,68366,73886,73886,73886,73886,73886,73886,73886,73886,73886,73886,73886,73886,73886,73886,4274,4274,4274,4274,4274,4274,4274,4274,4274,62989,62989,62989,62989,62989,62989,62989,45003,73884,73884,73884,73884,73884,73884,73884,73892,73892,73892,73892,73892,35899,35899,35899,35899,35899,35899,35899,35899,35899,35899,35899,35899,35899,35899,73770,73770,73770,73770,73770,73770,73770,73770,73770,73770,46022,46022,46022,46022,46022,46022,46022,46022,46022,57660,57660,57660,57660,57660,57660,57660,57660,57660,73876,73876,73876,73876,73876,73876,73876,73876,73876,73876,73876,73876,110366,110366,110369,110369,110369,110369,110369,110410,110410,110410,110410,110410,110410,110410,110410,110410,110410,110410,110410,110410,110410,110410,110410,110410,110410,110410,110410,110410,110410,110410,110410,110410,110410,110410,110410,110410,110410,110410,110410,110410,110410,110410,110410,110410,110410,110410,110410,110410,110410,110410,110410,110410,110410,110410,110410,110410,110410,110410,110410,110410,110410,110410,110410,110410,110410,110410,110410,110410,110410,110410,110410,110410,110410,110410,110410,110410,110410,110410,110410,110410,110410,110410,110410,110410,110410,110410,110410,110410,110410,110410,110410,110410,110410,110410,110410,110410,110410,110410,110410,110410,110410,110410,110410,110410,110410,110410,110410,110410,110410,110410,110410,110410,110410,110410,110410,110410,110410,110410,110410,110410,110410,110410,110410,110410,110410,110410,110410,110410,110410,110410,110410,110410,110410,110410,110410,110410,110410,110410,110410,110410,110410,110410,110410,110410,110410,110410,110410,110410,110410,110410,110410,110410,110410,110410,110410"
409,"138589,138589,138599,138599,138599,126740,3806,3806,3806,3806,3806,3806,3806,3806,3806,3806,3806,3806,3806,3806,3806,3806,3806,3806,3806,3806,3806,3814,3814,3814,3814,3814,3814,3814,3814,3814,3814,3814,3814,3814,3814,60745,60745,60745,60745,60745,60745,90324,90324,90324,90324,90324,90324,90324,90324,90324,90324,90324,90324,90324,90324,90324,90324,90324,90324,90324,90324,90324,90324,90324,90324,90324,90324,90324,90324,90324,90324,54222,54222,90326,90326,90326,90326,90326,90326,90326,90326,90326,90326,90326,90326,90326,90326,90329,90329,90329,90393,90393,90393,90393,195029,195029,195029,195029,195029,195029,195029,195029,195029,195029,195029,195029,195029,195029,194909,194909,194909,194909,194909,194909,194909,194909,194909,194909,194909,194909,194909,194909,194909,194909,194909,194909,194909,194909,194909,194909,194909,194909,194909,194909,194909,194909,194909,194909,194909,194909,194909,194909,194909,194909,194909,194909,194909,194909,194909,194909,194909,194909,194909,194909,194909,194909,194909,194909,194909,194909,194909,194909,194909,194909,194909,194909,194909,194909,194909,194909,194909,194909,194909,194909,194909,194909,194909,194909,194909,194909,194909,194909,194909,194909,194909,194909,194909,194909,194909,194909,194909,194909,194909,194909,194909,194909,194909,194909,194909,194909,194909,194909,194909,194909,194909,194909,194909,194909,194909,194909,194909,194909,194909,194909,194909,194909,194909,194909,194909,194909,54214,54214,72441,72444,72444,72444,72444,72444,72445,72445,72445,72445,72445,72445,72445,72445,72448,72448,72448,72448,72448,72448,72448,72448,72448,72448,72448,72448,72448,72448,72448,72448,72448,72448,72448,72448,72448,72448,72448,72448,72448,72448,72448,72448,72448,72448,72448,72448,72448,72448,72448,72448,72448,72448,72448,72448,72448,72448,72448,72448,72448,72448,72448,72448,72448,63933,63933,63933,72455,72455,72455,72455,72455,72455,150593,150593,150593,15552,15552,15552,15552,15552,15552,15552,15552,15552,15552,15552,15552,15552,15552,15552,65237,65237,65237,65237,65237,65237,65237,72464,72464,72464,72464,72464,72464,72464,19534,19534,19534,19534,19534,19534,19534,19534,72465,72465,72465,72465,19543,19543,19543,19543,19546,19546,19554,19554,19564,19564,19564,19570,19570,19570,19570,19580,19583,19583,19596,19590,19593,19593,19593,19602,19605,19617,19611,19611,19611,19614,19614,19614,19624,19632,19632,19632,19632,19636,85334,85334,85334,149961,149961,149961,149954,149957,149957,149947,149947,19642,19642,19642,19642,19642,19641,150029,85343,85338,85338,85338,85338,85340,85340,85340,85340,85340,85340,85340,85340,85340,85340,85340,85340,85340,85340,85340,85340,85340,85340,85340,85340,85340,85340,85340,85340,85340,85340,85340,85340,85340,85340,85340,85340,85340,85340,85340,85340,85340,85340,85340,85340,85340,85340,85340,85340,85340,85340,85340,85340,85340,85340,85340,85340,85340,85340,85340,85340,85340,85340,85340,85340,85340,85340,85340,85340,85340,85340,85340,85340,85340,85340,85340,85340,85340,85340,85340,85340,85340,85340,85340,85340,85340,85340,85340,85340,85340,85340,85340,85340,85340,85340,85340,85340,85340,85340,85340,85340,85340,85340,85340,85340,85340,85340,85340,85340,85340,85340,85340,85340,85340,85340,85340,85340,85340,85340,85340,85340,85340,85340,102363,4619,4619,4619,4619,4619,4619,4619,4619,4619,4619,4093,4093,4093,4093,4093,4093,4093,4093,4093,4093,4093,4093,4093,4093,4093,4093,4093,4095,4095,4095,4095,4095,4095,4095,57128,57128,57128,57123,57123,57123,57123,57123,57123,57123,57126,57126,57126,57126,57126,57126,57126,57126,57126,57126,57126,57126,57126,57126,57126,57126,57126,57126,57126,57126,57126,57126,57126,57131,57131,57131,57131,57131,57131,57137,57137,57137,57137,57137,57137,57137,57137,57137,57137,57137,57137,194186,194186,194186,194186,194186,194186,194186,194186,194186,194186,194186,194186,194186,65533,65537,65537,65537,65537,65537,65537,65537,83065,83065,83065,83065,83065,83065,83065,83065,83065,83065,83065,29962,29962,29962,29962,29962,29962,29962,29962,29962,29962,4987,4987,4987,4987,4987,4987,4987,4987,29970,29970,29970,29970,29970,29970,29970,29970,29970,29970,29970,29970,29970,5826,5826,5826,5826,5826,5826,5826,5826,5826,5826,5826,5826,5826,5826,5826,5826,5826,5307,5307,5307,82074,82074,82074,82074,82074,82074,82074,82074,82074,82074,82074,82074,82074,83073,83073,43208,43208,43208,43208,43208,43208,43208,43208,43208,43208,43208,43208,59554,59554,59554,59554,59554,59554,59554,59554,59554,59554,9659,9659,9659,9659,9659,9659,9659,9659,9659,9659,4253,4253,4253,4253,4253,4253,4260,4260,4260,4260,4260,4260,4260,4260,4260,4260,4260,4260,4260,4260,82182,82182,82182,82182,82182,82182,82182,82182,82182,82182,82182,82182,82182,82182,82182,82182,82182,82182,82182,82182,82182,82182,82182,82182,82182,82182,82182,82182,82182,82182,82182,82182,82182,82182,82182,82182,82182,82182,82182,82182,82182,82182,82182,82182,82182,82182,82182,82182,82182,82182,82182,82182,82182,82182,82182,82182,82182,82182,82182,82182,82182,82182,82182,82182,82182,82182,82182,82182,82182,82182,82182,82182,82182,82182,82182,82182,82182,82182,82182,82182,82182,82182,82182,82182,82182,82182,82182,82182,82182,82182,82182"
2445,"134506,134506,134506,134506,82956,134505,134505,134505,14876,14876,14876,14876,14876,14876,14876,14876,14876,14876,14876,14876,14876,14876,14876,14876,14876,14876,14876,14876,14876,14876,14876,14876,14876,14876,14876,14876,14876,14876,14876,14876,14870,14870,14870,14870,14870,14870,14870,14870,14870,14870,14870,14870,14870,14870,14870,14870,14870,14870,14870,14870,14870,14870,14870,14878,14878,120257,120260,120260,120260,120334,120334,120334,120334,120334,120334,120334,120334,68767,68770,68770,68770,68770,68770,68770,68770,68770,64071,64071,64071,64071,64071,64071,64071,64071,64071,64071,64071,64071,61749,61749,61749,61749,61749,61749,61749,61749,61756,78992,78992,78992,78992,78992,78992,78992,78992,78992,78992,78992,78992,78992,78992,78992,21774,21774,21774,21774,21774,21774,21774,21774,21774,21774,21774,21774,21774,21774,21774,21774,21774,82973,82973,82973,82973,82973,82973,82973,82973,82973,82973,21772,21772,21772,21772,21772,21772,21772,21772,21772,21772,21772,21772,90849,90849,90849,90849,90849,90849,90849,90849,90849,90849,90849,90849,90849,90849,21765,90842,90842,90842,90842,90842,90842,90842,90842,90842,90842,90842,90842,90842,90842,90842,90842,90842,90842,90842,90842,90842,90842,187982,187982,187982,187982,187982,187982,187982,187982,43208,43208,43208,43208,43208,43208,43208,43208,43208,43208,43208,43208,59554,59554,59554,59554,59554,59554,59554,59554,59554,59554,9659,9659,9659,9659,9659,9659,9659,9659,9659,9659,9659,9659,9659,9659,9659,9659,9659,4260,4260,4260,4260,4260,4260,4260,4260,4260,4260,4260,4260,4260,4260,82183,82183,82183,82183,82183,82183,82183,82183,82183,82183,82183,82183,82183,82183,82183,82183,82183,82183,82183,82183,82183,82183,82183,82183,82183,82183,82183,82183,82183,82183,82183,82183,82183,82183,82183,82183,82183,82183,82183,82183,82183,82183,82183,82183,82183,82183,82183,82183,82183,82183,82183,82183,82183,82183,82183,82183,82183,82183,82183,82183,82183,82183,82183,82183,82183,82183,82183,82183,82183,82183,82183,82183,82183,82183,82183,82183,82183,82183,82183,82183,82183,82183,82183,82183,82183,82183,82183,82183,82183,82183,82183,82183,82183,82183,82183,82183,82183,82183,82183,82183,82183,82183,82183,82183,82183,82183,82183,82183,82183,82183,82183,82183,82183,82183,82183,82183,82183,82183,82183"
1630,"82188,82188,82188,82188,82188,82188,82188,82188,82188,82188,82188,82188,82188,82188,82188,82188,82188,82188,82188,82188,82188,82188,82188,82188,82188,82184,82184,82184,82184,82184,82184,82184,82184,82184,82184,82184,82184,82184,4258,4258,4258,4258,4258,4258,4258,4252,4257,4257,4257,4257,4257,4257,4257,4257,4257,4257,4257,4257,4257,4257,4257,83069,82156,82156,82156,82156,82156,82156,82156,82156,82156,82156,82156,59555,83107,83107,83107,83107,83107,83107,83107,83107,83107,83107,83107,83063,83063,83063,83063,83063,83063,83063,83063,83063,83063,83063,83063,83063,83063,90844,90844,90844,90844,90844,90844,90844,90844,90844,90844,90844,90844,90846,90846,90846,90846,90846,90846,90846,90846,90846,90846,90846,90846,90856,90856,90856,90856,90856,90856,83042,83042,83042,83042,83042,83042,83042,83042,83042,83042,83042,83042,83042,83042,83042,83042,83042,83042,83042,83042,83042,83042,83042,83042,83042,83042,83042,83042,83042,83042,83042,83042,83042,83042,83042,83042,83042,83042,83042,83042,83042,83042,83042,83042,83042,83042,83042,83042,83042,83042,83042,83042,83042,83042,83042,83042,83042,83042,83042,83042,83042,83042,83042,83042,83042,83042,83042,83042,83042,83042,83042,83042,83042,83042,83042,83042,83042,83042,83042,83042,83042,83042,83042,83042,83042,83042,83042,83042,83042,83042,83042,83042,83042,83042,83042,83042,83042,83042,83042,83042,90859,90859,3190,3190,3190,3190,3190,3190,3190,3190,3190,3190,3190,3190,3190,3190,78984,78984,78984,78984,78984,78984,78984,78984,78984,78984,61751,78986,78986,78986,78986,78986,78986,78986,78986,78986,78986,78986,78986,78986,78986,64074,64074,64074,64074,64074,64074,64074,64074,64074,78988,78988,78988,78988,78988,78988,78988,78988,78988,78988,78988,78988,78988,78988,78988,78988,78988,78988,78988,78988,78988,78988,78988,78990,78990,78990,78990,120310,120263,120263,120263,120263,120263,120263,120263,120263,120263,120264,120264,120264,120264,120264,120264,120264,120264,120264,120264,120264,120264,120264,120264,120264,120264,14873,14873,14873,14873,14873,14873,14873,14873,14873,14873,14873,14873,14873,14873,14873,14873,14873,14873,14873,14873,14873,14873,14873,14873,14873,14873,14873,14873,14873,14873,14873,14873,14873,14873,14873,14873,14873,14873,14873,78982,78982,78982,78982,78982,78982,79189,79189,79189,79189,79189,79190,79190,79190,79190,79190,79190,50871,50871,50871,50871,50871,50871,50871,50871,50871,50871,50871,50871,50871,50871,50871,50871,50871,50871,50871,50871,50871,50871,50871,50871,50871,50871,50871,50871,50871,50871,50871,50871,50871,50871,50871,50871,50871,50871,50871,50871,50871,50871,50871,50871,50871,50871,50866,79200,79200,79200,79200,79200,79200,79200,79200,79200,132276,132276,132276,132270,132270,132270,132265,132265,132265,132265,132265,73826,79206,79206,79206,79206,85544,85544,85544,85544,85544,85544,85544,85544,85544,85544,85547,85547,85547,85547,79210,79212,79212,79212,79212,85562,85562,85562,85562,85562,85562,85562,85562,85562,85562,85562,85562,85562,85562,85562,85562,85562,85562,85562,85562,85562,85562,85562,85562,85562,85562,85562,85562,85562,85562,85562,85562,85562,85562,85562,85562,85562,85562,85562,85562,85562,85562,85562,85562,85562,85562,85562,85562,85562,85562,85562,85562,85562,85562,85562,85562,85562,85562,85562,85562,85562,85562,85562,85562,85562,85562,85562,85562,85562,85562,85562,85562,85562,85562,85562,85562,85562,85562,85562,85562,85562,85562,85562,85562,85562,85562,85562,85562,85562,85562,85562,85562,85562,85562,85562,85562,85562,85562,85562,85562,85562,85562,85562,85562,85562,85562,85562,85562,85562,85562,85562,85562,85562,85562,85562,85562,85562,85562,85562,85562,85562,85562,85562,85562,85562,85562,85562,85562,85562,85562,85562,85562,85562,85562,85562,85562,85562,85562,85562,85562,85562,85562,85562,85562,85562,85562,85562,85562,85562,85562,85562,85562,85562,85562,85562,85562,85562,50858,50858,50858,50858,78121,78121,78121,78121,78121,78121,78121,78121,78127,78127,78130,78130,78130,78130,78130,78130,78130,78130,78130,78130,78130,78133,78133,78133,78133,78133,78133,78133,78133,78133,78133,73851,78135,78135,78135,78135,78135,78135,78135,78135,78135,78135,78135,102098,102098,102098,102098,102098,102098,102098,102098,102098,11450,78139,78139,78139,78139,78139,78139,78139,78139,78139,11456,73808,73808,73808,73808,73808,73808,78159,78159,78159,78159,78159,78159,78159,78159,78159,78159,78159,78159,78159,78159,78159,78159,78159,78159,78159,78159,78159,78159,78159,78159,78159,78159,78159,78159,78159,78159,78159,78159,78159,78159,78159,78159,78159,78159,78159,78159,78159,78159,78159,78159,78159,78159,78159,78159,78159,78159,78159,78159,78159,78159,78159,78159,78159,78159,78159,78159,78159,78159,78159,78159,78159,78159,78159,78159,78159,11462,11462,71833,71833,71833,71833,71923,71923,71923,71923,71923,71923,71923,71867,71867,71867,71867,71867,71867,71925,71925,71925,71925,71925,71925,71925,71925,71925,71925,71925,37192,37192,37192,37192,37192,37192,37192,71930,71930,71930,71930,71930,71930,92213,92213,92213,92213,92213,92213,92213,92213,92213,92213,92210,92210,92210,92210,92210,92210,92215,92215,92215,92215,92215,92215,92215,92215,190067,190067,190067,190067,190067,190067,190067,190073,190073,190073,190073,190073,122733,122733,122733,122733,122733,122733,122733,122727,122727,122727,122727,122727,122727,122727,122727,122727,122727,122727,122727,122727,122727,122727,122727,122727,122727,122727,122727,122727,122727,122727,122727,122727,122727,122727,122727,122727,122727,122727,122727,122727,122727,122727,122727,122727,122727,122727,122727,122727,122727,122727,122727,122727,122727,122727,122727,122727,122727,122727,122727,122727,122727,122727,122727,122727,122727,122727,122727,122727,122727,122727,122727,122727,122727,122727,122727,122727,122727,122727,122727,122727,122727,122727,122727,122727,122727,122727,122727,122727,122727,122727,122727,122727,122727,122727,122727,122727,122727,122727,122727,122727,122727,122727,122727,122727,122727,122727,122727,122727,122727,122727,122727,122727,122727,122727,122727,122727,122727,122727,122727,122727,122727,122727,122727,122727,122727,122727,122727,122727,122727,122727,122727,122727,122727,122727,122727,122727,122727,122727,122727,122727,122727,122727,122727,122727,122727,122727,122727,122727,122727,122727"
2,"110415,110415,110415,110415,110415,110415,110415,110415,110415,110415,110415,110415,110415,110415,110415,110415,110415,110415,110415,110415,110415,110415,110415,110415,110415,110415,110415,110415,110415,110415,110415,110415,110415,110415,110415,110415,110415,110415,110415,110415,110415,110415,110415,110415,110415,110415,110415,110415,110415,110415,110415,110415,110415,110415,110415,110415,110415,110415,110415,110415,110415,110415,110415,110415,110415,110415,110415,110415,110415,110415,110415,110415,110415,110415,110415,110415,110415,110415,110415,110415,110415,110415,110415,110415,110415,110415,110415,110415,110415,110415,110415,110415,110415,110415,110415,110415,110415,110415,110415,110415,110415,110415,110415,110415,110415,110415,110415,110415,110415,110415,110415,110415,110415,110415,110415,110415,110415,110415,110415,110415,110415,110415,110415,110415,110415,110415,110415,110415,110415,110415,110415,110415,110415,110415,110415,110415,110415,110415,110415,110415,110415,110415,110415,110415,110415,110415,110415,110415,110415,110415,110415,110415,110415,110415,110415,110415,110415,110415,110415,110415,110415,110415,110415,110415,110415,110415,110415,110415,110415,110415,110415,110415,110415,110415,110415,110415,110415,110415,110415,110415,110415,110415,110415,110415,110415,110415,110415,110415,110415,110415,110415,110415,110415,110415,110415,110415,110415,110415,110415,110415,110415,110415,110415,110415,110415,110415,110415,110415,110415,110415,110415,110415,110415,110415,110415,110415,110415,110415,110415,110415,110415,110415,110415,110415,110415,110415,110415,110415,110415,110415,110415,110415,110415,110415,110415,110415,110415,110415,110415,110415,110415,110415,110415,110415,110415,110415,110415,110415,110415,110415,110415,110415,110415,110415,110415,110415,110415,110415,110415,110415,110415,110415,110415,110415,110415,110415,110415,110415,110415,110415,110415,110415,110415,110415,110415,110415,110415,110415,110415,110415,110415,110415,110415,110415,110415,110415,110415,110415,110415,110415,110415,110415,110415,110415,110415,110415,110415,110415,110415,110415,110415,110415,110415,110415,110415,110415,110415,110415,110415,110415,110415,110415,110415,110409,110409,110409,110409,110409,110409,110370,110370,110370,110370,110370,110370,110370,110370,110370,110370,110370,110370,110370,110370,110370,73874,73874,73874,73874,73874,73874,73874,73874,73874,73874,73874,38840,38840,38840,38840,38840,38840,38840,38840,38840,38840,38840,57658,57658,57658,57658,57658,57658,57645,57645,57645,57645,57645,59666,59666,59666,59666,59666,59666,59666,59666,59666,197510,197510,197510,197510,197510,197510,197510,197510,197510,35895,35895,35895,35895,35895,35895,35895,35895,35895,35895,35895,35895,35895,35895,35895,35895,35895,35895,35895,35895,35895,35895,35895,35895,35895,35895,35895,35895,35895,35895,35895,35895,35895,35901,35901,35901,35901,35901,35901,35901,35901,35901,35901,88676,50158,50158,50158,50158,50158,50158,50158,50158,50158,50158,50158,25608,25608,25608,25608,25608,25548,25548,25548,25548,25548,25548,25548,25548,25548,25548,25548,25548,25548,25548,25548,25548,25548,25548,25548,25548,25548,25548,25548,25548,25540,25540,25540,25540,25540,25540,25540,25540,25540,25540,25540,25540,25540,25540,25540,25540,25540,25540,25540,25545,25545,25545,25545,25545,25545,25545,25545,25545,25095,25095,25095,25095,25095,25095,25095,25095,25095,25095,25095,25095,25095,25095,3418,3418,3418,3418,3418,3418,25093,25093,25093,25093,25093,25093,149679,149679,149679,149679,149679,149679,149679,149679,5817,5817,5817,5817,5817,5817,5817,5817,5817,51432,51432,51432,51432,51432,51432,51432,51432,51432,51432,51432,51432,51430,51430,51430,116595,116595,116595,116595,116595,116595,116595,116595,116595,116595,116595,116595,116595,116595,116595,116595,116595,116595,116595,116595,116595,116595,116595,116595,116595,116595,116595,116595,116595,116595,116595,116595,116595,116595,116595,116595,116595,116595,116595,116595,116595,116595,116595,116595,116595,116595,116595,116595,116595,116595,116595,116595,116595,116595,116595,116595,116595,116595,116595,116595,116595,116595,116595,116595,116595,116595,116595,116595,116595,116595,116595,116595,116595,116595,116595,116595,116595,116595,116595,116595,116595,116595,116595,116595,116595,116595,116595,116595,116595,116595,116595,116595,116595,116595,116595,116595,116595,116595,116595,116595,116595,116595,116595,116595,116595,116595,116595,116595,116595,116595,116595,116595,116595,116595,116595,116595,116595,116595,116595,116595,116595,116595,116595,116595,116595"
3664,"87335,87335,87335,154291,154291,154291,154291,154291,154291,154291,154291,154291,154291,154291,154291,154291,154291,154291,154291,154291,154291,154291,154291,154291,154291,154291,154291,154291,154291,154291,154291,154291,154291,154291,154291,154291,154291,154291,154291,154291,154291,154291,154291,154291,154291,154291,154291,154291,154292,154292,154292,154292,154292,80081,80081,80081,80081,80081,80081,80081,80081,80081,80081,80081,80081,80081,80081,80081,80081,80081,80081,80081,80081,80081,80081,80081,80081,80081,80081,80081,80081,80081,80081,80081,80081,80081,80081,80081,80081,80081,80081,80081,80081,80081,80081,80081,80081,80081,80081,80081,80081,80081,80081,80081,80081,80081,80081,80081,80081,80081,80081,80081,80081,80081,80081,80081,80081,80081,80081,80081,80081,80081,80081,80081,80081,80081,80081,80081,80081,80081,80081,80081,80081,80081,80081,80081,80081,80081,80081,80081,80081,80081,80081,80081,80081,80081,80081,80081,80081,80081,80081,80081,80081,80081,80081,80081,80081,80081,80081,80081,80081,80081,80081,80081,80081,80081,80081,80081,80081,80081,80081,80081,80081,80081,80081,80081,80081,80081,80081,80081,80081,80081,80081,80081,80081,80081,80081,80081,80081,80081,85086,85086,85086,85086,85086,85086,85086,85086,85086,85086,85083,85083,85076,85076,85076,85076,85076,85076,85076,85076,85076,85079,85079,85079,85079,85079,85079,85079,85079,85079,85079,85079,85079,85079,85079,85079,30002,30002,30002,30002,30002,80051,80051,80051,80051,80055,80055,81022,81022,81022,81022,81022,81022,81022,81022,81018,81018,81018,81018,81018,81018,81018,81018,81018,81018,81024,81024,81024,81024,81024,81024,152652,126096,126096,126096,126096,126096,126096,126096,126096,126096,126096,126096,126096,126096,126092,126092,126092,126092,126092,126099,126099,126099,126099,126099,29996,29996,29996,29996,29996,29996,29996,29996,29996,29996,29996,29996,29993,24534,24534,24534,24534,24533,24533,24533,24533,24533,24533,24533,24533,24533,24533,24533,24533,24533,24533,24533,24533,24541,24541,154046,154046,29992,29992,29992,29992,29992,29992,29992,29992,29992,29992,29992,22855,22855,22855,22855,22855,22855,29986,29986,29986,40444,40444,40444,40444,40444,40444,40444,40444,40444,40444,40444,7776,7776,7776,7776,7776,7776,7776,7776,7776,40445,40445,40445,40445,40445,40445,66207,66207,66207,66207,66207,154055,13979,151321,151321,151321,151321,151321,151321,151321,151321,151321,65029,65029,13963,13963,13963,13963,13963,13963,13963,13963,13963,13963,13963,13963,13963,13953,13953,13953,13953,13953,13953,13953,13953,13953,13953,44704,44704,44704,44704,44704,44704,13939,13939,13939,13939,13939,13939,66204,66204,66204,66204,66204,66204,66204,66189,66189,66189,66194,66194,66194,66194,66194,66194,66194,66194,66194,66194,66194,66194,66194,66194,66194,66194,66194,66194,66194,66194,66194,66194,66194,66194,66194,66194,66194,66194,66194,66194,66194,66194,66194,66194,66194,66194,72571,72571,72571,72571,72571,72571,72573,72573,72573,182106,182106,72577,72577,72577,72568,72568,72568,72568,72568,72569,72569,72569,72569,72569,72569,81068,81068,81068,81068,81068,81068,81068,81068,81068,81068,81068,81068,81068,81068,81068,81068,81068,81068,81068,81068,81068,81068,81068,81068,81068,81068,81068,81068,81068,81068,81068,81068,81068,81068,81068,81068,81068,81068,81068,81068,81068,81068,81068,81068,81068,81068,81068,81068,81068,81068,81068,81068,81068,81068,81068,72560,72560,72564,72564,72564,116540,116540,116540,116540,116540,116533,116533,116535,116535,116535,116535,116535,116535,116535,65254,65254,65254,65254,65254,65254,65254,65254,65254,65254,65254,65254,65254,65254,65254,65254,65254,65254,65254,65254,65254,31432,31432,31432,31432,31432,31432,31432,31432,31432,31432,31432,31432,67391,67394,67394,67394,67394,67394,67394,67394,67394,67394,67394,67394,67394,67394,67394,67394,67394,67394,67394,67394,67394,67394,67394,67394,67394,67394,67394,67394,67394,67394,67394,67394,67394,67394,67394,67394,67394,67394,67394,67394,67394,67394,67394,67394,67394,67394,67394,67394,67394,67394,67394,67394,67394,67394,67394,67394,67394,67394,61207,61207,61207,61211,61211,61520,61520,61524,61524,61524,61524,61524,61524,61524,61524,61524,61524,61524,61524,61524,61524,61524,61524,66940,66940,66940,105122,105122,105122,105122,105122,105122,105122,105122,105122,105122,105122,104130,104130,104130,104124,104124,104124,104124,104124,104124,104124,104124,104124,104124,104124,104124,104124,104124,104124,104124,104124,104124,104124,104119,104119,104119,104119,104119,104119,104119,104119,104119,104114,104114,104114,104114,104116,104116,104116,104116,104116,104116,104653,104653,104653,104655,104655,104655,104655,104655,104655,104655,104655,137647,137647,137647,137647,137647,137647,100349,100349,100349,100349,100349,100349,100349,100349,100349,100349,100349,100349,100349,100349,100349,100349,100349,100349,100356,100356,137616,137616,137616,137616,137616,137616,137616,137616,137616,137616,137616,137616,137610,137610,137610,100321,100321,100321,100321,100321,100321,100321,100321,100321,100321,100321,100321,100321,100321,100321,100321,100321,100321,100321,100321,100321,100321,100321,100321,100321,100321,100315,100315,100318,100318,100318,100318,100318,100318,100318,100318,100318,100318,100318,100318,100318,100318,100318,100318,100318,100318,100318,100318,100318,100318,100318,100318,100318,100318,100318,100318,100318,100318,100318,100318,100318,100318,100318,100318,100318,100318,100318,100318,100318,100318,100318,136987,136987,136987,136987,136987,136987,136987,136987,136987,136987,136987,136987,136987,136987,136987,136987,136987,136987,136987,136987,136987,136987,136987,136987,136987,136987,136987,136987,136987,136987,136987,136987,136987,136987,136987,136987,136987,136987,136987,136987,136987,136987,136987,136987,136987,136987,136987,136987,136987,136987,136987,136987,136987,136987,136987,136987,136987,136987,136987,136987,136987,136987,136987,136987,136987,136987,136987,136987,136987,136987,136987,136987,136987,136987,136987,136987,136987,136987,136987,136987,136987,136987,136987,136987,136987,136987,136987,136987,136987,136987,136987,136987,136987,136987,136987,136987,136987,136987,136987,136987,136987,136987,136987,136987,136987,136987,136987,136987,136987,136987,136987,136987,136987,136987,136987,136987,136987,136987,136987,136987,136987,136987,136987,136987,136987,136987,136987,136987,136987,136987,136987,136987,136987,136987,136987,136987,136987,136987,136987,136987,136987,136987,136987,136987,136987,136987,136987,136987,136987,136987,136987,136987,136987,136987,136987,136987,136987,136987,136987,136987,136987,136987,136987,136987,136987,136987,136987,136987,136987,136987,136987,136987,136987,136987,136987,136987,136987,136987,136987,136987,136987,136987,136987,136987,136987"
410,"147551,147551,147551,147551,147551,147551,147551,147551,147551,147551,147551,147551,147551,147551,147551,147551,147551,147551,147551,147551,147551,147551,147551,147551,147551,147551,147551,147551,147551,147551,147551,147551,147551,147551,147551,147551,147551,147551,147551,147551,147551,147551,147551,147551,147551,147551,147551,147551,147551,147551,147551,147551,147551,147551,147551,147551,147551,147551,147551,147551,147551,147551,147551,147551,147551,147551,147551,147551,147551,147551,147551,147551,147551,147551,147551,147551,147551,147551,147551,147551,147551,147551,147551,147551,147551,147551,147551,147551,147551,147551,147551,147551,147551,147551,147551,147551,147551,147551,147551,147551,147551,147551,147551,147551,147551,147551,147551,147551,147551,147551,147551,147551,147551,147551,147551,147551,147551,147551,147551,147551,147551,147551,147551,147551,147551,147551,147551,147551,147551,147551,147551,147551,147550,147550,147550,147550,147550,147550,147550,147550,147550,147550,147550,147550,147554,147554,147546,147538,147543,147543,147541,90762,90762,90762,90762,90761,90761,90761,90761,90761,90761,90761,90743,90740,90740,90740,90740,90740,90740,90740,90740,90740,90740,90740,90740,90740,90740,90740,90740,90740,90740,90733,90733,90733,90733,90733,90733,90733,90733,90733,90733,90733,90735,90735,90735,90735,90735,90735,90735,90735,90735,90735,90735,90735,90735,90735,90735,90735,90735,90735,90735,90735,90735,90735,90735,90735,90735,90735,90735,90735,90735,90735,90735,90735,90735,90735,90735,90735,90735,90735,90735,90735,109841,57139,57139,57139,57139,57139,57139,57139,57139,57143,57143,57143,57143,190510,190510,190510,190510,190510,190510,148225,148225,148225,148358,148358,148358,148358,148358,148359,148359,190506,190506,190506,88450,88450,88450,88450,88450,88450,88450,88446,88446,148278,148278,148272,88437,88437,88437,88437,88437,88437,88437,88437,88425,88425,88409,88409,88409,88409,88409,88409,88409,88409,88409,88409,88409,88409,88409,88409,88409,88409,88409,88409,88409,88409,88409,88409,88409,88409,88409,88409,88409,88409,88409,88409,88409,88409,88409,88409,88409,88409,88409,88409,88409,88409,88409,88409,88409,88409,88409,88409,88409,88409,88409,88409,88409,88409,88409,88409,88409,88409,88409,88409,88409,88409,88409,88409,88409,88409,88409,88409,88409,88409,88409,88409,88409,88409,88409,88409,88409,88409,88409,88409,88409,88409,88409,88409,88409,88409,88409,88409,88409,88409,88409,88409,88409,88409,88409,88409,88409,88409,88409,88409,88409,88409,88409,88409,88409,88409,88409,88409,88409,88409,88409,88409,88409,88409,88409,88409,88409,88409,88409,88409,88409,88409,88409,88409,88409,88409,88409,88409,88409,88409,88409,88409,88409,88409,88409"
1631,"122721,122721,122721,122721,122721,122721,122721,122721,122721,122721,122721,122721,122721,122721,122721,122721,122721,122721,122721,122721,122721,122721,122721,122721,122721,122721,122721,122721,122721,122721,122721,122721,122721,122721,122721,122721,122721,122721,92209,92209,92209,92209,92209,92209,92209,92209,92214,92214,92214,92214,92214,92214,92214,92214,92214,92222,92222,92222,92222,92222,92222,92222,92222,92222,92222,92222,92222,92222,92222,92222,92222,92222,92222,92222,92222,92222,92222,92222,92222,92222,92222,92222,92222,92222,92222,37193,37193,37193,37193,71861,71861,71861,71861,71861,71861,71873,71873,71873,71873,71873,71873,71873,71873,71873,71873,71873,71873,71873,71873,71873,71873,71873,71873,71873,71873,71873,71873,71873,71873,71873,71873,71873,71873,71873,71873,71873,71873,71873,71873,71873,71873,71873,71873,71873,71873,71873,71873,71873,71873,71873,71873,71873,71873,71873,71873,71873,71873,71873,71873,71873,71873,71873,71873,71873,71873,71873,71873,71873,71873,71873,71873,71873,71873,71873,71873,71873,71873,71873,71873,71873,71873,71873,71873,71873,71873,71873,71873,71873,71873,71873,71873,71873,71873,71873,71873,71873,71873,71873,71873,71873,71873,71873,71873,71873,71873,71873,71873,71873,71873,71873,71873,71873,71873,71873,71873,71873,71873,71873,71873,71873,71873,71873,71873,71873,71873,71873,71873,71873,71873,71873,71873,71873,71873,71873,71873,71873,71873,71873,71873,71873,71873,71873,71873,71873,71873,71873,71873,71873,71873,71873,71873,71873,71873,71873,71873,71873,71873,71873,71873,71873,71873,71873,71873,71873,71873,71873,120774,120774,120774,120774,120774,120774,71799,11463,11463,11463,11463,71922,71922,71922,71922"
